date,contracts_included,asset_manager_net_usd,asset_manager_net_usd_bn,other_reportables_net_usd,other_reportables_net_usd_bn,leveraged_money_net_usd,leveraged_money_net_usd_bn,dealer_net_usd,dealer_net_usd_bn,nonreportable_net_usd,nonreportable_net_usd_bn
2006-06-13,4,24395200000,24.3952,-4406600000,-4.4066,-16044900000,-16.0449,15403100000,15.4031,-19346800000,-19.3468
2006-06-20,4,23640700000,23.6407,3416200000,3.4162,-26536500000,-26.5365,32782500000,32.7825,-33302900000,-33.3029
2006-06-27,4,19084200000,19.0842,4956000000,4.956,-23736300000,-23.7363,33076500000,33.0765,-33380400000,-33.3804
2006-07-03,4,17907200000,17.9072,6317000000,6.317,-26680900000,-26.6809,34075400000,34.0754,-31618700000,-31.6187
2006-07-11,4,24364300000,24.3643,5027600000,5.0276,-17825200000,-17.8252,16222000000,16.222,-27788700000,-27.7887
2006-07-18,4,20296800000,20.2968,1031300000,1.0313,-24815500000,-24.8155,30610300000,30.6103,-27122900000,-27.1229
2006-07-25,4,18213700000,18.2137,-2407400000,-2.4074,-4033100000,-4.0331,10151700000,10.1517,-21924900000,-21.9249
2006-08-01,4,17516700000,17.5167,-9968300000,-9.9683,-4681700000,-4.6817,11655200000,11.6552,-14521900000,-14.5219
2006-08-08,4,9163500000,9.1635,-3993700000,-3.9937,-10330000000,-10.33,12305600000,12.3056,-7145400000,-7.1454
2006-08-15,4,4816200000,4.8162,759700000,0.7597,-14793700000,-14.7937,9390800000,9.3908,-173000000,-0.173
2006-08-22,4,-1457300000,-1.4573,583700000,0.5837,-9611400000,-9.6114,9242600000,9.2426,1242400000,1.2424
2006-08-29,4,-20431000000,-20.431,-6489500000,-6.4895,9086400000,9.0864,22270200000,22.2702,-4436100000,-4.4361
2006-09-05,4,-16934800000,-16.9348,-7762900000,-7.7629,19559800000,19.5598,7640700000,7.6407,-2502800000,-2.5028
2006-09-12,4,-19317600000,-19.3176,-7793200000,-7.7932,15570500000,15.5705,12161800000,12.1618,-621500000,-0.6215
2006-09-19,4,-17279500000,-17.2795,-7059700000,-7.0597,14369300000,14.3693,12000500000,12.0005,-2030600000,-2.0306
2006-09-26,4,-19253000000,-19.253,-21755000000,-21.755,27547900000,27.5479,15418800000,15.4188,-1958700000,-1.9587
2006-10-03,4,-30895300000,-30.8953,-24958200000,-24.9582,35488600000,35.4886,12776600000,12.7766,7588300000,7.5883
2006-10-10,4,-27990800000,-27.9908,-21925100000,-21.9251,23817700000,23.8177,24688700000,24.6887,1409500000,1.4095
2006-10-17,4,-31802900000,-31.8029,-18816900000,-18.8169,17950100000,17.9501,35309700000,35.3097,-2640000000,-2.64
2006-10-24,4,-39911200000,-39.9112,-10450000000,-10.45,15288000000,15.288,48106700000,48.1067,-13033500000,-13.0335
2006-10-31,4,-29005500000,-29.0055,-9404100000,-9.4041,20226000000,20.226,28274000000,28.274,-10090400000,-10.0904
2006-11-07,4,-30138600000,-30.1386,-12640600000,-12.6406,8250200000,8.2502,37579800000,37.5798,-3050800000,-3.0508
2006-11-14,4,-33721400000,-33.7214,-18608800000,-18.6088,10951300000,10.9513,42704800000,42.7048,-1325900000,-1.3259
2006-11-21,4,-9304900000,-9.3049,-15087600000,-15.0876,4463500000,4.4635,31532600000,31.5326,-11603600000,-11.6036
2006-11-28,4,-26228000000,-26.228,-13769300000,-13.7693,10950700000,10.9507,22866300000,22.8663,6180300000,6.1803
2006-12-05,4,-33213200000,-33.2132,-12985500000,-12.9855,30924100000,30.9241,12213200000,12.2132,3061400000,3.0614
2006-12-12,4,-32939100000,-32.9391,-6827600000,-6.8276,19772400000,19.7724,16690500000,16.6905,3303800000,3.3038
2006-12-19,4,-25732200000,-25.7322,-3665100000,-3.6651,6064800000,6.0648,29686200000,29.6862,-6353700000,-6.3537
2006-12-26,4,-23905600000,-23.9056,-6503000000,-6.503,5205200000,5.2052,34833000000,34.833,-9629600000,-9.6296
2007-01-03,4,-18174400000,-18.1744,-8582000000,-8.582,-887200000,-0.8872,43129200000,43.1292,-15485600000,-15.4856
2007-01-09,4,-16680000000,-16.68,-6667900000,-6.6679,5516400000,5.5164,36500300000,36.5003,-18668800000,-18.6688
2007-01-16,4,-11115000000,-11.115,-2621000000,-2.621,168200000,0.1682,38857100000,38.8571,-25289300000,-25.2893
2007-01-23,4,-19243700000,-19.2437,-262800000,-0.2628,-5150700000,-5.1507,50594100000,50.5941,-25936900000,-25.9369
2007-01-30,4,-15065900000,-15.0659,3850500000,3.8505,-7076300000,-7.0763,46379900000,46.3799,-28088200000,-28.0882
2007-02-06,4,-26977200000,-26.9772,1402000000,1.402,-12098100000,-12.0981,60975800000,60.9758,-23302500000,-23.3025
2007-02-13,4,-22086100000,-22.0861,1589700000,1.5897,-15869400000,-15.8694,61910700000,61.9107,-25544900000,-25.5449
2007-02-20,4,-17316200000,-17.3162,-1611800000,-1.6118,-9504500000,-9.5045,42214500000,42.2145,-13782000000,-13.782
2007-02-27,4,-18655100000,-18.6551,-5303000000,-5.303,1210900000,1.2109,34571200000,34.5712,-11824000000,-11.824
2007-03-06,4,-24211200000,-24.2112,-7459800000,-7.4598,12295900000,12.2959,18751900000,18.7519,623200000,0.6232
2007-03-13,4,-37895200000,-37.8952,-10450900000,-10.4509,25492500000,25.4925,22503400000,22.5034,350200000,0.3502
2007-03-20,4,-46356800000,-46.3568,-4265600000,-4.2656,19241300000,19.2413,28030000000,28.03,3351100000,3.3511
2007-03-27,4,-55897000000,-55.897,-4236300000,-4.2363,11095600000,11.0956,50631400000,50.6314,-1593700000,-1.5937
2007-04-03,4,-55886500000,-55.8865,-2793700000,-2.7937,6915000000,6.915,52611900000,52.6119,-846700000,-0.8467
2007-04-10,4,-24034400000,-24.0344,-777600000,-0.7776,-1769500000,-1.7695,40561500000,40.5615,-13980000000,-13.98
2007-04-17,4,-28235000000,-28.235,-6686500000,-6.6865,1917900000,1.9179,46616200000,46.6162,-13612600000,-13.6126
2007-04-24,4,-24638100000,-24.6381,-8406200000,-8.4062,-5535000000,-5.535,44539500000,44.5395,-5960200000,-5.9602
2007-05-01,4,-18799600000,-18.7996,-3375900000,-3.3759,-18074800000,-18.0748,46693800000,46.6938,-6443500000,-6.4435
2007-05-08,4,-9167000000,-9.167,-603400000,-0.6034,-20079800000,-20.0798,32509800000,32.5098,-2659600000,-2.6596
2007-05-15,4,-28673700000,-28.6737,2281300000,2.2813,-24743500000,-24.7435,53814900000,53.8149,-2679000000,-2.679
2007-05-22,4,-42304600000,-42.3046,4176500000,4.1765,-17933400000,-17.9334,49682700000,49.6827,6378800000,6.3788
2007-05-29,4,-13772200000,-13.7722,6368000000,6.368,-27929200000,-27.9292,53209500000,53.2095,-17876100000,-17.8761
2007-06-05,4,-10166800000,-10.1668,5639700000,5.6397,-25896000000,-25.896,50073800000,50.0738,-19650700000,-19.6507
2007-06-12,4,-17254300000,-17.2543,7847300000,7.8473,-15359100000,-15.3591,39824200000,39.8242,-15058100000,-15.0581
2007-06-19,4,5251300000,5.2513,4302100000,4.3021,-14276800000,-14.2768,25826200000,25.8262,-21102800000,-21.1028
2007-06-26,4,-20557800000,-20.5578,4863200000,4.8632,10683300000,10.6833,31226200000,31.2262,-26214900000,-26.2149
2007-07-03,4,-25796500000,-25.7965,-58800000,-0.0588,16516200000,16.5162,36336200000,36.3362,-26997100000,-26.9971
2007-07-10,4,-40008400000,-40.0084,2212700000,2.2127,20425200000,20.4252,36642100000,36.6421,-19271600000,-19.2716
2007-07-17,4,-50881500000,-50.8815,670800000,0.6708,24143800000,24.1438,43902300000,43.9023,-17835400000,-17.8354
2007-07-24,4,-60542600000,-60.5426,-5123600000,-5.1236,42280500000,42.2805,36928100000,36.9281,-13542400000,-13.5424
2007-07-31,4,-77233700000,-77.2337,-10302500000,-10.3025,55704200000,55.7042,40777800000,40.7778,-8945800000,-8.9458
2007-08-07,4,-92064100000,-92.0641,-12940300000,-12.9403,49262400000,49.2624,65484400000,65.4844,-9742400000,-9.7424
2007-08-14,4,-90007600000,-90.0076,-3690800000,-3.6908,51399800000,51.3998,43629100000,43.6291,-1330500000,-1.3305
2007-08-21,4,-103257600000,-103.2576,-4656400000,-4.6564,61190900000,61.1909,50235900000,50.2359,-3512800000,-3.5128
2007-08-28,4,-121275800000,-121.2758,-4368500000,-4.3685,66058900000,66.0589,63824500000,63.8245,-4239100000,-4.2391
2007-09-04,4,-107906900000,-107.9069,-6922300000,-6.9223,57606700000,57.6067,64573100000,64.5731,-7350600000,-7.3506
2007-09-11,4,-114874000000,-114.874,879000000,0.879,56188500000,56.1885,62672700000,62.6727,-4866200000,-4.8662
2007-09-18,4,-101160000000,-101.16,-828000000,-0.828,38389000000,38.389,61369100000,61.3691,2229900000,2.2299
2007-09-25,4,-87037700000,-87.0377,-3545600000,-3.5456,31655800000,31.6558,60237000000,60.237,-1309500000,-1.3095
2007-10-02,4,-91779000000,-91.779,-5426800000,-5.4268,41511300000,41.5113,53295100000,53.2951,2399400000,2.3994
2007-10-09,4,-88115900000,-88.1159,375300000,0.3753,30426900000,30.4269,60004300000,60.0043,-2690600000,-2.6906
2007-10-16,4,-70344900000,-70.3449,7382500000,7.3825,17125800000,17.1258,46921600000,46.9216,-1085000000,-1.085
2007-10-23,4,-81640000000,-81.64,-2125100000,-2.1251,26918100000,26.9181,57205300000,57.2053,-358300000,-0.3583
2007-10-30,4,-81409800000,-81.4098,-2698200000,-2.6982,33941800000,33.9418,51094400000,51.0944,-928200000,-0.9282
2007-11-06,4,-101304900000,-101.3049,-7034100000,-7.0341,41090500000,41.0905,65379800000,65.3798,1868700000,1.8687
2007-11-13,4,-98165400000,-98.1654,-13475800000,-13.4758,44200300000,44.2003,75857400000,75.8574,-8416500000,-8.4165
2007-11-20,4,-109200200000,-109.2002,-13286000000,-13.286,64458800000,64.4588,76665000000,76.665,-18637600000,-18.6376
2007-11-27,4,-156593800000,-156.5938,-13350800000,-13.3508,87736800000,87.7368,90984600000,90.9846,-8776800000,-8.7768
2007-12-04,4,-130712300000,-130.7123,-17840700000,-17.8407,87898400000,87.8984,71974400000,71.9744,-11319800000,-11.3198
2007-12-11,4,-119061300000,-119.0613,-16763000000,-16.763,76752800000,76.7528,60980100000,60.9801,-1908600000,-1.9086
2007-12-18,4,-108838400000,-108.8384,-12072400000,-12.0724,66085900000,66.0859,56222400000,56.2224,-1397500000,-1.3975
2007-12-24,4,-104064500000,-104.0645,-18724900000,-18.7249,69320900000,69.3209,59115200000,59.1152,-5646700000,-5.6467
2007-12-31,4,-103481400000,-103.4814,-15800000000,-15.8,59667800000,59.6678,62889600000,62.8896,-3276000000,-3.276
2008-01-08,4,-98582400000,-98.5824,-16928400000,-16.9284,46907800000,46.9078,69418800000,69.4188,-815800000,-0.8158
2008-01-15,4,-107233800000,-107.2338,-20123000000,-20.123,51948000000,51.948,70463600000,70.4636,4945200000,4.9452
2008-01-22,4,-91078600000,-91.0786,-18693900000,-18.6939,41932400000,41.9324,104332800000,104.3328,-36492700000,-36.4927
2008-01-29,4,-81658200000,-81.6582,-12678800000,-12.6788,11091300000,11.0913,88385300000,88.3853,-5139600000,-5.1396
2008-02-05,4,-95810700000,-95.8107,-4083000000,-4.083,15058700000,15.0587,86307000000,86.307,-1472000000,-1.472
2008-02-12,4,-90515100000,-90.5151,-4510600000,-4.5106,22421700000,22.4217,80262800000,80.2628,-7658800000,-7.6588
2008-02-19,4,-86862000000,-86.862,-7694500000,-7.6945,19058400000,19.0584,83861400000,83.8614,-8363300000,-8.3633
2008-02-26,4,-99718800000,-99.7188,-5415600000,-5.4156,34717400000,34.7174,85327300000,85.3273,-14910300000,-14.9103
2008-03-04,4,-91358500000,-91.3585,-10747900000,-10.7479,30656700000,30.6567,79504500000,79.5045,-8054800000,-8.0548
2008-03-11,4,-88278500000,-88.2785,-13308500000,-13.3085,49356500000,49.3565,62828900000,62.8289,-10598400000,-10.5984
2008-03-18,4,-81760600000,-81.7606,-18962900000,-18.9629,57241400000,57.2414,51243600000,51.2436,-7761500000,-7.7615
2008-03-25,4,-76879800000,-76.8798,-31835600000,-31.8356,67796100000,67.7961,54496400000,54.4964,-13577100000,-13.5771
2008-04-01,4,-69793000000,-69.793,-33402600000,-33.4026,52104100000,52.1041,65673300000,65.6733,-14581800000,-14.5818
2008-04-08,4,-72926200000,-72.9262,-31448700000,-31.4487,52317200000,52.3172,64472100000,64.4721,-12414400000,-12.4144
2008-04-15,4,-59784900000,-59.7849,-27690700000,-27.6907,37930000000,37.93,64153700000,64.1537,-14608100000,-14.6081
2008-04-22,4,-69072000000,-69.072,-25042200000,-25.0422,41965100000,41.9651,67685100000,67.6851,-15536000000,-15.536
2008-04-29,4,-72880600000,-72.8806,-36360700000,-36.3607,54535800000,54.5358,70153100000,70.1531,-15447600000,-15.4476
2008-05-06,4,-65998700000,-65.9987,-39676900000,-39.6769,59090100000,59.0901,66972400000,66.9724,-20386900000,-20.3869
2008-05-13,4,-80306200000,-80.3062,-43880800000,-43.8808,71671700000,71.6717,70674800000,70.6748,-18159500000,-18.1595
2008-05-20,4,-69929700000,-69.9297,-49846800000,-49.8468,82185900000,82.1859,56325400000,56.3254,-18734800000,-18.7348
2008-05-27,4,-31920200000,-31.9202,-56177800000,-56.1778,71491400000,71.4914,45982400000,45.9824,-29375800000,-29.3758
2008-06-03,4,-30865000000,-30.865,-49928700000,-49.9287,68635200000,68.6352,39543400000,39.5434,-27384900000,-27.3849
2008-06-10,4,-28651200000,-28.6512,-35952200000,-35.9522,51736800000,51.7368,41607000000,41.607,-28740400000,-28.7404
2008-06-17,4,-30096000000,-30.096,-25264300000,-25.2643,49887400000,49.8874,40620200000,40.6202,-35147300000,-35.1473
2008-06-24,4,-14191000000,-14.191,-38182500000,-38.1825,60053900000,60.0539,16220100000,16.2201,-23900500000,-23.9005
2008-07-01,4,-8175800000,-8.1758,-39814300000,-39.8143,54877900000,54.8779,10793300000,10.7933,-17681100000,-17.6811
2008-07-08,4,-4547000000,-4.547,-48928900000,-48.9289,59730800000,59.7308,4704600000,4.7046,-10959500000,-10.9595
2008-07-15,4,-1567100000,-1.5671,-46821700000,-46.8217,53046000000,53.046,-1000100000,-1.0001,-3657100000,-3.6571
2008-07-22,4,22195900000,22.1959,-44478400000,-44.4784,29599000000,29.599,2808600000,2.8086,-10125100000,-10.1251
2008-07-29,4,36875000000,36.875,-39671700000,-39.6717,16507200000,16.5072,-4081200000,-4.0812,-9629300000,-9.6293
2008-08-05,4,37339500000,37.3395,-40489700000,-40.4897,20851300000,20.8513,-12035500000,-12.0355,-5665600000,-5.6656
2008-08-12,4,34107900000,34.1079,-46246300000,-46.2463,23082100000,23.0821,-11228600000,-11.2286,284900000,0.2849
2008-08-19,4,38550500000,38.5505,-41033000000,-41.033,26022600000,26.0226,-21998400000,-21.9984,-1541700000,-1.5417
2008-08-26,4,29622400000,29.6224,-40293600000,-40.2936,39268700000,39.2687,-25732500000,-25.7325,-2865000000,-2.865
2008-09-02,4,32515300000,32.5153,-35706800000,-35.7068,37625800000,37.6258,-28709300000,-28.7093,-5725000000,-5.725
2008-09-09,4,24049900000,24.0499,-35692600000,-35.6926,26352500000,26.3525,-12679700000,-12.6797,-2030100000,-2.0301
2008-09-16,4,37984800000,37.9848,-34131200000,-34.1312,14713500000,14.7135,-10869100000,-10.8691,-7698000000,-7.698
2008-09-23,4,28052800000,28.0528,-43471400000,-43.4714,22783900000,22.7839,-700900000,-0.7009,-6664400000,-6.6644
2008-09-30,4,13275000000,13.275,-39578300000,-39.5783,18341600000,18.3416,11941500000,11.9415,-3979800000,-3.9798
2008-10-07,4,3968200000,3.9682,-43766000000,-43.766,38239700000,38.2397,10883600000,10.8836,-9325500000,-9.3255
2008-10-14,4,15404800000,15.4048,-44092100000,-44.0921,32597400000,32.5974,5140600000,5.1406,-9050700000,-9.0507
2008-10-21,4,10136400000,10.1364,-44386300000,-44.3863,37173100000,37.1731,8163100000,8.1631,-11086300000,-11.0863
2008-10-28,4,11795800000,11.7958,-38941700000,-38.9417,33907500000,33.9075,2745400000,2.7454,-9507000000,-9.507
2008-11-04,4,7614300000,7.6143,-37712700000,-37.7127,37047300000,37.0473,3909800000,3.9098,-10858700000,-10.8587
2008-11-11,4,6430700000,6.4307,-37279700000,-37.2797,38948000000,38.948,3128500000,3.1285,-11227500000,-11.2275
2008-11-18,4,14248000000,14.248,-34220900000,-34.2209,30399200000,30.3992,-218400000,-0.2184,-10207900000,-10.2079
2008-11-25,4,15309200000,15.3092,-27061800000,-27.0618,22927000000,22.927,1100300000,1.1003,-12274700000,-12.2747
2008-12-02,4,24098700000,24.0987,-31456900000,-31.4569,10604000000,10.604,7888800000,7.8888,-11134600000,-11.1346
2008-12-09,4,43380800000,43.3808,-42707400000,-42.7074,9187400000,9.1874,620400000,0.6204,-10481200000,-10.4812
2008-12-16,4,53434600000,53.4346,-48381600000,-48.3816,4827600000,4.8276,1100000000,1.1,-10980600000,-10.9806
2008-12-22,4,56469600000,56.4696,-47446600000,-47.4466,2294900000,2.2949,-421100000,-0.4211,-10896800000,-10.8968
2008-12-30,4,55058000000,55.058,-49398500000,-49.3985,947500000,0.9475,-670500000,-0.6705,-5936500000,-5.9365
2009-01-06,4,58774300000,58.7743,-46645600000,-46.6456,-1457300000,-1.4573,-2065400000,-2.0654,-8606000000,-8.606
2009-01-13,4,54961800000,54.9618,-42244800000,-42.2448,1013800000,1.0138,-4588900000,-4.5889,-9141900000,-9.1419
2009-01-20,4,46922800000,46.9228,-36462000000,-36.462,164700000,0.1647,-3283100000,-3.2831,-7342400000,-7.3424
2009-01-27,4,40802600000,40.8026,-32724000000,-32.724,3364700000,3.3647,-3425600000,-3.4256,-8017700000,-8.0177
2009-02-03,4,29522300000,29.5223,-24836600000,-24.8366,3451600000,3.4516,6378500000,6.3785,-14515800000,-14.5158
2009-02-10,4,21954500000,21.9545,-19744400000,-19.7444,4757800000,4.7578,-291300000,-0.2913,-6676600000,-6.6766
2009-02-17,4,24617000000,24.617,-21775100000,-21.7751,6702800000,6.7028,-4737900000,-4.7379,-4806800000,-4.8068
2009-02-24,4,20546900000,20.5469,-18768900000,-18.7689,4985700000,4.9857,1989600000,1.9896,-8753300000,-8.7533
2009-03-03,4,32506200000,32.5062,-21561700000,-21.5617,2053000000,2.053,-11701000000,-11.701,-1296500000,-1.2965
2009-03-10,4,39991900000,39.9919,-23927700000,-23.9277,2331600000,2.3316,-14697100000,-14.6971,-3698700000,-3.6987
2009-03-17,4,48882200000,48.8822,-21497000000,-21.497,-854700000,-0.8547,-22804100000,-22.8041,-3726400000,-3.7264
2009-03-24,4,50775100000,50.7751,-19476200000,-19.4762,2232700000,2.2327,-34867800000,-34.8678,1336200000,1.3362
2009-03-31,4,54052900000,54.0529,-11177200000,-11.1772,3798400000,3.7984,-47819900000,-47.8199,1145800000,1.1458
2009-04-07,4,52925200000,52.9252,-11801700000,-11.8017,2475900000,2.4759,-40915200000,-40.9152,-2684200000,-2.6842
2009-04-14,4,49704900000,49.7049,-12913700000,-12.9137,4430400000,4.4304,-40990800000,-40.9908,-230800000,-0.2308
2009-04-21,4,51002700000,51.0027,-6772000000,-6.772,203500000,0.2035,-36254100000,-36.2541,-8180100000,-8.1801
2009-04-28,4,48734800000,48.7348,-5679000000,-5.679,-2273500000,-2.2735,-34584300000,-34.5843,-6198000000,-6.198
2009-05-05,4,51249700000,51.2497,-3491300000,-3.4913,3635200000,3.6352,-41560200000,-41.5602,-9833400000,-9.8334
2009-05-12,4,50044900000,50.0449,-622900000,-0.6229,6456200000,6.4562,-45902200000,-45.9022,-9976000000,-9.976
2009-05-19,4,51719500000,51.7195,-9208900000,-9.2089,10012400000,10.0124,-40040600000,-40.0406,-12482400000,-12.4824
2009-05-26,4,58071500000,58.0715,-17242300000,-17.2423,6342600000,6.3426,-32892800000,-32.8928,-14279000000,-14.279
2009-06-02,4,45599600000,45.5996,883200000,0.8832,1231100000,1.2311,-37130100000,-37.1301,-10583800000,-10.5838
2009-06-09,4,35617100000,35.6171,-9789900000,-9.7899,8851900000,8.8519,-22752600000,-22.7526,-11926500000,-11.9265
2009-06-16,4,42352900000,42.3529,-11503200000,-11.5032,489700000,0.4897,-18285600000,-18.2856,-13053800000,-13.0538
2009-06-23,4,47958500000,47.9585,-27569300000,-27.5693,6268800000,6.2688,-13896900000,-13.8969,-12761100000,-12.7611
2009-06-30,4,48524900000,48.5249,-26392300000,-26.3923,5001700000,5.0017,-15438700000,-15.4387,-11695600000,-11.6956
2009-07-07,4,43876100000,43.8761,-31037700000,-31.0377,15637700000,15.6377,-21188800000,-21.1888,-7287300000,-7.2873
2009-07-14,4,39450200000,39.4502,-35324100000,-35.3241,23587300000,23.5873,-25633200000,-25.6332,-2080200000,-2.0802
2009-07-21,4,28888100000,28.8881,-37768900000,-37.7689,33768300000,33.7683,-16643300000,-16.6433,-8244200000,-8.2442
2009-07-28,4,19525600000,19.5256,-29037900000,-29.0379,35037200000,35.0372,-10135900000,-10.1359,-15389000000,-15.389
2009-08-04,4,23367300000,23.3673,-28410200000,-28.4102,21431600000,21.4316,-2198100000,-2.1981,-14190600000,-14.1906
2009-08-11,4,20830600000,20.8306,-32265500000,-32.2655,33869500000,33.8695,-3042100000,-3.0421,-19392500000,-19.3925
2009-08-18,4,18969700000,18.9697,-34902900000,-34.9029,44894400000,44.8944,-14864300000,-14.8643,-14096900000,-14.0969
2009-08-25,4,10664800000,10.6648,-34137000000,-34.137,50770600000,50.7706,-19793000000,-19.793,-7505400000,-7.5054
2009-09-01,4,28661900000,28.6619,-33896700000,-33.8967,41785900000,41.7859,-31300500000,-31.3005,-5250600000,-5.2506
2009-09-08,4,17871900000,17.8719,-28125200000,-28.1252,50613300000,50.6133,-35339400000,-35.3394,-5020600000,-5.0206
2009-09-15,4,14552100000,14.5521,-27114000000,-27.114,51056100000,51.0561,-35449000000,-35.449,-3045200000,-3.0452
2009-09-22,4,9219600000,9.2196,-25948500000,-25.9485,57992600000,57.9926,-34167800000,-34.1678,-7095900000,-7.0959
2009-09-29,4,9214600000,9.2146,-21401600000,-21.4016,58611900000,58.6119,-39046000000,-39.046,-7378900000,-7.3789
2009-10-06,4,34029000000,34.029,-26542200000,-26.5422,57304300000,57.3043,-57739900000,-57.7399,-7051200000,-7.0512
2009-10-13,4,49078000000,49.078,-24948200000,-24.9482,44312300000,44.3123,-59984800000,-59.9848,-8457300000,-8.4573
2009-10-20,4,44543900000,44.5439,-25586000000,-25.586,54754900000,54.7549,-60747200000,-60.7472,-12965600000,-12.9656
2009-10-27,4,49454400000,49.4544,-27118800000,-27.1188,44387200000,44.3872,-43841200000,-43.8412,-22881600000,-22.8816
2009-11-03,4,55901600000,55.9016,-26937500000,-26.9375,40562100000,40.5621,-51223700000,-51.2237,-18302500000,-18.3025
2009-11-09,4,47930700000,47.9307,-37705100000,-37.7051,59755700000,59.7557,-49936000000,-49.936,-20045300000,-20.0453
2009-11-17,4,45189400000,45.1894,-38324700000,-38.3247,60232000000,60.232,-57665400000,-57.6654,-9431300000,-9.4313
2009-11-24,4,41370000000,41.37,-32710200000,-32.7102,56387800000,56.3878,-53226300000,-53.2263,-11821300000,-11.8213
2009-12-01,4,42459900000,42.4599,-34495000000,-34.495,55458100000,55.4581,-55442800000,-55.4428,-7980200000,-7.9802
2009-12-08,4,33794300000,33.7943,-31228800000,-31.2288,54500800000,54.5008,-48744100000,-48.7441,-8322200000,-8.3222
2009-12-15,4,27092500000,27.0925,-26350800000,-26.3508,44937400000,44.9374,-38801000000,-38.801,-6878100000,-6.8781
2009-12-22,4,25971400000,25.9714,-24730900000,-24.7309,47842000000,47.842,-33874800000,-33.8748,-15207700000,-15.2077
2009-12-29,4,40356200000,40.3562,-22863000000,-22.863,32651500000,32.6515,-33795700000,-33.7957,-16349000000,-16.349
2010-01-05,4,53550000000,53.55,-19993500000,-19.9935,13591700000,13.5917,-26154800000,-26.1548,-20993400000,-20.9934
2010-01-12,4,53541200000,53.5412,-23651000000,-23.651,22319800000,22.3198,-30799400000,-30.7994,-21410600000,-21.4106
2010-01-19,4,63880700000,63.8807,-24518400000,-24.5184,17568500000,17.5685,-38087800000,-38.0878,-18843000000,-18.843
2010-01-26,4,70914100000,70.9141,-21070600000,-21.0706,16764600000,16.7646,-48858300000,-48.8583,-17749800000,-17.7498
2010-02-02,4,71729200000,71.7292,-27175300000,-27.1753,16190300000,16.1903,-51232800000,-51.2328,-9511400000,-9.5114
2010-02-09,4,65876600000,65.8766,-26720300000,-26.7203,20398800000,20.3988,-48756400000,-48.7564,-10798700000,-10.7987
2010-02-16,4,65046200000,65.0462,-27991600000,-27.9916,19467200000,19.4672,-46845600000,-46.8456,-9676200000,-9.6762
2010-02-23,4,49422100000,49.4221,-23855200000,-23.8552,29299200000,29.2992,-41323800000,-41.3238,-13542300000,-13.5423
2010-03-02,5,57995700000,57.9957,-24468500000,-24.4685,24360300000,24.3603,-47083800000,-47.0838,-10803700000,-10.8037
2010-03-09,5,59959100000,59.9591,-21683200000,-21.6832,17643000000,17.643,-48630600000,-48.6306,-7288300000,-7.2883
2010-03-16,5,69516500000,69.5165,-22670400000,-22.6704,9767700000,9.7677,-48415500000,-48.4155,-8198300000,-8.1983
2010-03-23,5,88668500000,88.6685,-25312300000,-25.3123,-10395600000,-10.3956,-43805400000,-43.8054,-9155200000,-9.1552
2010-03-30,5,96269800000,96.2698,-22588500000,-22.5885,-27905600000,-27.9056,-24992800000,-24.9928,-20782900000,-20.7829
2010-04-06,5,87845100000,87.8451,-23759900000,-23.7599,-11848400000,-11.8484,-27269500000,-27.2695,-24967300000,-24.9673
2010-04-13,5,99300400000,99.3004,-24984400000,-24.9844,-12740100000,-12.7401,-40076900000,-40.0769,-21499000000,-21.499
2010-04-20,5,92253300000,92.2533,-27951300000,-27.9513,-1364900000,-1.3649,-48093600000,-48.0936,-14843500000,-14.8435
2010-04-27,5,90378400000,90.3784,-30791500000,-30.7915,-6847400000,-6.8474,-42111600000,-42.1116,-10627900000,-10.6279
2010-05-04,5,103705100000,103.7051,-30599200000,-30.5992,-17484200000,-17.4842,-44013900000,-44.0139,-11607800000,-11.6078
2010-05-11,5,107928600000,107.9286,-30653100000,-30.6531,-17219000000,-17.219,-54886500000,-54.8865,-5170000000,-5.17
2010-05-18,5,122274800000,122.2748,-32526300000,-32.5263,-24930500000,-24.9305,-60592200000,-60.5922,-4225800000,-4.2258
2010-05-25,5,133979900000,133.9799,-25054500000,-25.0545,-27242300000,-27.2423,-71978400000,-71.9784,-9704700000,-9.7047
2010-06-01,5,123243500000,123.2435,-24089200000,-24.0892,-26571300000,-26.5713,-69143500000,-69.1435,-3439500000,-3.4395
2010-06-08,5,128793900000,128.7939,-23736900000,-23.7369,-27508400000,-27.5084,-69699600000,-69.6996,-7849000000,-7.849
2010-06-15,5,122770100000,122.7701,-22867800000,-22.8678,-21430100000,-21.4301,-69919900000,-69.9199,-8552300000,-8.5523
2010-06-22,5,119711500000,119.7115,-24573500000,-24.5735,-16439600000,-16.4396,-71647000000,-71.647,-7051400000,-7.0514
2010-06-29,5,124209400000,124.2094,-20227600000,-20.2276,-25108400000,-25.1084,-72012200000,-72.0122,-6861200000,-6.8612
2010-07-06,5,116520500000,116.5205,-22611500000,-22.6115,-23367900000,-23.3679,-67913800000,-67.9138,-2627300000,-2.6273
2010-07-13,5,116201000000,116.201,-22130300000,-22.1303,-22371100000,-22.3711,-66315000000,-66.315,-5384600000,-5.3846
2010-07-20,5,132145600000,132.1456,-24927500000,-24.9275,-23675000000,-23.675,-76592100000,-76.5921,-6951000000,-6.951
2010-07-27,5,109338300000,109.3383,-22888300000,-22.8883,-15335300000,-15.3353,-67541200000,-67.5412,-3573500000,-3.5735
2010-08-03,5,117339800000,117.3398,-23691300000,-23.6913,-16166800000,-16.1668,-76535600000,-76.5356,-946100000,-0.9461
2010-08-10,5,100353400000,100.3534,-11258900000,-11.2589,-18208300000,-18.2083,-71534200000,-71.5342,648000000,0.648
2010-08-17,5,94356300000,94.3563,-17264800000,-17.2648,-11025000000,-11.025,-67017600000,-67.0176,951100000,0.9511
2010-08-24,5,86759800000,86.7598,-16158100000,-16.1581,-8855100000,-8.8551,-63146200000,-63.1462,1399600000,1.3996
2010-08-31,5,76520800000,76.5208,-19397000000,-19.397,-7602000000,-7.602,-51011100000,-51.0111,1489300000,1.4893
2010-09-07,5,74701600000,74.7016,-16426500000,-16.4265,-7965900000,-7.9659,-48591100000,-48.5911,-1718100000,-1.7181
2010-09-14,5,69196300000,69.1963,-14137100000,-14.1371,-3899800000,-3.8998,-47729800000,-47.7298,-3429600000,-3.4296
2010-09-21,5,59257200000,59.2572,-18150100000,-18.1501,14719300000,14.7193,-56817500000,-56.8175,991100000,0.9911
2010-09-28,5,65851100000,65.8511,-18619900000,-18.6199,10835200000,10.8352,-58726300000,-58.7263,659900000,0.6599
2010-10-05,5,53639900000,53.6399,-18114400000,-18.1144,25315400000,25.3154,-61433900000,-61.4339,593000000,0.593
2010-10-12,5,50882200000,50.8822,-17653200000,-17.6532,21664800000,21.6648,-54880900000,-54.8809,-12900000,-0.0129
2010-10-19,5,34303800000,34.3038,-14789900000,-14.7899,33906500000,33.9065,-55292800000,-55.2928,1872400000,1.8724
2010-10-26,5,28460300000,28.4603,-12624400000,-12.6244,27253400000,27.2534,-40132000000,-40.132,-2957300000,-2.9573
2010-11-02,5,29712600000,29.7126,-7985900000,-7.9859,36721800000,36.7218,-55691400000,-55.6914,-2757100000,-2.7571
2010-11-09,5,27494300000,27.4943,-605000000,-0.605,20989900000,20.9899,-42652000000,-42.652,-5227200000,-5.2272
2010-11-16,5,30291700000,30.2917,-126100000,-0.1261,16600700000,16.6007,-39753000000,-39.753,-7013300000,-7.0133
2010-11-23,5,34507100000,34.5071,-5466000000,-5.466,20141100000,20.1411,-37998700000,-37.9987,-11183500000,-11.1835
2010-11-30,5,48127400000,48.1274,-7658900000,-7.6589,2798100000,2.7981,-36963900000,-36.9639,-6302700000,-6.3027
2010-12-07,5,44639500000,44.6395,-7718400000,-7.7184,12996100000,12.9961,-39120900000,-39.1209,-10796300000,-10.7963
2010-12-14,5,45440200000,45.4402,-6603300000,-6.6033,14701700000,14.7017,-39763700000,-39.7637,-13774900000,-13.7749
2010-12-21,5,45311400000,45.3114,1522300000,1.5223,9023100000,9.0231,-34451100000,-34.4511,-21405700000,-21.4057
2010-12-28,5,54841200000,54.8412,1698200000,1.6982,1218400000,1.2184,-39908800000,-39.9088,-17849000000,-17.849
2011-01-04,5,53928200000,53.9282,1943400000,1.9434,5141000000,5.141,-38805200000,-38.8052,-22207400000,-22.2074
2011-01-11,5,47023100000,47.0231,-328100000,-0.3281,11783300000,11.7833,-38033000000,-38.033,-20445300000,-20.4453
2011-01-18,5,38079900000,38.0799,1011700000,1.0117,18588200000,18.5882,-38812400000,-38.8124,-18867400000,-18.8674
2011-01-25,5,40357800000,40.3578,-1176000000,-1.176,23904300000,23.9043,-46341100000,-46.3411,-16745000000,-16.745
2011-02-01,5,37512700000,37.5127,-3399600000,-3.3996,23550400000,23.5504,-41792200000,-41.7922,-15871300000,-15.8713
2011-02-08,5,14320700000,14.3207,-7538200000,-7.5382,36760900000,36.7609,-11222300000,-11.2223,-32321100000,-32.3211
2011-02-15,5,15466200000,15.4662,-3766000000,-3.766,37800400000,37.8004,-15007300000,-15.0073,-34493300000,-34.4933
2011-02-22,5,19742100000,19.7421,-7732200000,-7.7322,33399900000,33.3999,-16879500000,-16.8795,-28530300000,-28.5303
2011-03-01,5,21782500000,21.7825,-3649300000,-3.6493,32013900000,32.0139,-23833000000,-23.833,-26314100000,-26.3141
2011-03-08,5,-7215300000,-7.2153,-2734000000,-2.734,54226100000,54.2261,-15925000000,-15.925,-28351800000,-28.3518
2011-03-15,5,18411400000,18.4114,-6405500000,-6.4055,37234200000,37.2342,-33728200000,-33.7282,-15511900000,-15.5119
2011-03-22,5,-740800000,-0.7408,4729900000,4.7299,50943100000,50.9431,-38111300000,-38.1113,-16820900000,-16.8209
2011-03-29,5,-10383200000,-10.3832,4099100000,4.0991,55198000000,55.198,-23322200000,-23.3222,-25591700000,-25.5917
2011-04-05,5,-13128200000,-13.1282,2585900000,2.5859,48309800000,48.3098,-269500000,-0.2695,-37498000000,-37.498
2011-04-12,5,-24478900000,-24.4789,6223800000,6.2238,66032500000,66.0325,-11193000000,-11.193,-36584400000,-36.5844
2011-04-19,5,-42951400000,-42.9514,4497100000,4.4971,83313400000,83.3134,-11756100000,-11.7561,-33103000000,-33.103
2011-04-26,5,-53809800000,-53.8098,1554700000,1.5547,97765900000,97.7659,-19023900000,-19.0239,-26486900000,-26.4869
2011-05-03,5,-55292300000,-55.2923,5195300000,5.1953,87193200000,87.1932,-13158900000,-13.1589,-23937300000,-23.9373
2011-05-10,5,-37033000000,-37.033,-5677300000,-5.6773,82511200000,82.5112,-19745700000,-19.7457,-20055200000,-20.0552
2011-05-17,5,-24940200000,-24.9402,-1637600000,-1.6376,74547400000,74.5474,-30026800000,-30.0268,-17942800000,-17.9428
2011-05-24,5,-43074500000,-43.0745,1425300000,1.4253,84543400000,84.5434,-27637000000,-27.637,-15257200000,-15.2572
2011-05-31,5,-33102600000,-33.1026,-6827800000,-6.8278,91157700000,91.1577,-37118600000,-37.1186,-14108700000,-14.1087
2011-06-07,5,-23541600000,-23.5416,-5469200000,-5.4692,72742900000,72.7429,-31410100000,-31.4101,-12322000000,-12.322
2011-06-14,5,-37985300000,-37.9853,3217800000,3.2178,77109600000,77.1096,-29781500000,-29.7815,-12560600000,-12.5606
2011-06-21,5,-18522000000,-18.522,-10316800000,-10.3168,78371800000,78.3718,-35955200000,-35.9552,-13577800000,-13.5778
2011-06-28,5,-7725300000,-7.7253,-19729800000,-19.7298,80448100000,80.4481,-37312600000,-37.3126,-15680400000,-15.6804
2011-07-05,5,4360300000,4.3603,-18865000000,-18.865,63743500000,63.7435,-30849000000,-30.849,-18389800000,-18.3898
2011-07-12,5,8439600000,8.4396,-15892900000,-15.8929,62001100000,62.0011,-39354800000,-39.3548,-15193000000,-15.193
2011-07-19,5,16989400000,16.9894,-13921400000,-13.9214,44601800000,44.6018,-36052600000,-36.0526,-11617200000,-11.6172
2011-07-26,5,18174200000,18.1742,-15528200000,-15.5282,54767800000,54.7678,-44526300000,-44.5263,-12887500000,-12.8875
2011-08-02,5,46030300000,46.0303,-7733300000,-7.7333,9613400000,9.6134,-40447200000,-40.4472,-7463200000,-7.4632
2011-08-09,5,46458700000,46.4587,-11954100000,-11.9541,17728800000,17.7288,-40743900000,-40.7439,-11489500000,-11.4895
2011-08-16,5,55901100000,55.9011,-11730600000,-11.7306,6935000000,6.935,-48239700000,-48.2397,-2865800000,-2.8658
2011-08-23,5,63586300000,63.5863,-4649400000,-4.6494,6957400000,6.9574,-60793700000,-60.7937,-5100600000,-5.1006
2011-08-30,5,44276900000,44.2769,-6094800000,-6.0948,11887200000,11.8872,-46383500000,-46.3835,-3685800000,-3.6858
2011-09-06,5,38243400000,38.2434,5236900000,5.2369,6928400000,6.9284,-49408000000,-49.408,-1000700000,-1.0007
2011-09-13,5,33203700000,33.2037,9863900000,9.8639,7307200000,7.3072,-47779500000,-47.7795,-2595300000,-2.5953
2011-09-20,5,29949100000,29.9491,4110800000,4.1108,27142200000,27.1422,-56098900000,-56.0989,-5103200000,-5.1032
2011-09-27,5,24588900000,24.5889,3636700000,3.6367,22600800000,22.6008,-43679700000,-43.6797,-7146700000,-7.1467
2011-10-04,5,27356900000,27.3569,2446400000,2.4464,11741500000,11.7415,-33288700000,-33.2887,-8256100000,-8.2561
2011-10-11,5,16053900000,16.0539,1795400000,1.7954,15546700000,15.5467,-22692800000,-22.6928,-10703200000,-10.7032
2011-10-18,5,15710800000,15.7108,-700100000,-0.7001,18743800000,18.7438,-28370000000,-28.37,-5384500000,-5.3845
2011-10-25,5,7421900000,7.4219,353900000,0.3539,31305300000,31.3053,-34915200000,-34.9152,-4165900000,-4.1659
2011-11-01,5,16346000000,16.346,-1700000,-0.0017,18085800000,18.0858,-34185300000,-34.1853,-244800000,-0.2448
2011-11-08,5,19849300000,19.8493,-6670400000,-6.6704,20409700000,20.4097,-31674000000,-31.674,-1914600000,-1.9146
2011-11-15,5,24128200000,24.1282,-3390800000,-3.3908,13173200000,13.1732,-35887900000,-35.8879,1977300000,1.9773
2011-11-22,5,29636400000,29.6364,6435400000,6.4354,-2097900000,-2.0979,-35352100000,-35.3521,1378200000,1.3782
2011-11-29,5,28838000000,28.838,8530700000,8.5307,-6114800000,-6.1148,-33728800000,-33.7288,2474900000,2.4749
2011-12-06,5,23022400000,23.0224,4610800000,4.6108,1218500000,1.2185,-29719300000,-29.7193,867600000,0.8676
2011-12-13,5,24191300000,24.1913,3510800000,3.5108,6605000000,6.605,-40781900000,-40.7819,6474800000,6.4748
2011-12-20,5,33144000000,33.144,3255700000,3.2557,3055500000,3.0555,-44431000000,-44.431,4975800000,4.9758
2011-12-27,5,35172700000,35.1727,4503100000,4.5031,796300000,0.7963,-40634000000,-40.634,161900000,0.1619
2012-01-03,5,28649300000,28.6493,2316800000,2.3168,9011000000,9.011,-43848100000,-43.8481,3871000000,3.871
2012-01-10,5,21549100000,21.5491,2674400000,2.6744,18255100000,18.2551,-43380800000,-43.3808,902200000,0.9022
2012-01-17,5,22219100000,22.2191,21807700000,21.8077,11069600000,11.0696,-60861700000,-60.8617,5765300000,5.7653
2012-01-24,5,18174900000,18.1749,4953700000,4.9537,25074200000,25.0742,-44457100000,-44.4571,-3745700000,-3.7457
2012-01-31,5,7590600000,7.5906,12124700000,12.1247,25483200000,25.4832,-48037900000,-48.0379,2839400000,2.8394
2012-02-07,5,-1363100000,-1.3631,5288900000,5.2889,34979800000,34.9798,-36003500000,-36.0035,-2902100000,-2.9021
2012-02-14,5,-16061100000,-16.0611,8679900000,8.6799,32740100000,32.7401,-24795000000,-24.795,-563900000,-0.5639
2012-02-21,5,-33045500000,-33.0455,11848000000,11.848,48194300000,48.1943,-20775500000,-20.7755,-6221300000,-6.2213
2012-02-28,5,-34579300000,-34.5793,13956800000,13.9568,49843500000,49.8435,-29109800000,-29.1098,-111200000,-0.1112
2012-03-06,5,-35163400000,-35.1634,13180900000,13.1809,59803800000,59.8038,-28655900000,-28.6559,-9165400000,-9.1654
2012-03-13,5,-35896700000,-35.8967,20627300000,20.6273,47543500000,47.5435,-16263700000,-16.2637,-16010400000,-16.0104
2012-03-20,5,-51614100000,-51.6141,28348000000,28.348,48015400000,48.0154,-909600000,-0.9096,-23839700000,-23.8397
2012-03-27,5,-39240600000,-39.2406,30631300000,30.6313,48493900000,48.4939,-13288800000,-13.2888,-26595800000,-26.5958
2012-04-03,5,-22055000000,-22.055,26836200000,26.8362,29713000000,29.713,-13093200000,-13.0932,-21401000000,-21.401
2012-04-10,5,3886500000,3.8865,26982500000,26.9825,17897500000,17.8975,-36291900000,-36.2919,-12474600000,-12.4746
2012-04-17,5,31407000000,31.407,28071400000,28.0714,-7080300000,-7.0803,-48731900000,-48.7319,-3666200000,-3.6662
2012-04-24,5,34486000000,34.486,37145900000,37.1459,-3727000000,-3.727,-63761300000,-63.7613,-4143600000,-4.1436
2012-05-01,5,37384700000,37.3847,35728200000,35.7282,-10252200000,-10.2522,-61876000000,-61.876,-984700000,-0.9847
2012-05-08,5,49295300000,49.2953,30042300000,30.0423,-16783200000,-16.7832,-61789300000,-61.7893,-765100000,-0.7651
2012-05-15,5,53595500000,53.5955,40473400000,40.4734,-38688900000,-38.6889,-60257100000,-60.2571,4877100000,4.8771
2012-05-22,5,52910900000,52.9109,41156500000,41.1565,-33907800000,-33.9078,-63871800000,-63.8718,3712200000,3.7122
2012-05-29,5,49886400000,49.8864,42481900000,42.4819,-39963400000,-39.9634,-61385000000,-61.385,8980100000,8.9801
2012-06-05,5,51998000000,51.998,35886000000,35.886,-34645000000,-34.645,-65096700000,-65.0967,11857700000,11.8577
2012-06-12,5,54419300000,54.4193,20984300000,20.9843,-35663700000,-35.6637,-53062600000,-53.0626,13322700000,13.3227
2012-06-19,5,41727200000,41.7272,16981500000,16.9815,-23168800000,-23.1688,-46465100000,-46.4651,10925200000,10.9252
2012-06-26,5,42683200000,42.6832,13986900000,13.9869,-24743200000,-24.7432,-40537400000,-40.5374,8610500000,8.6105
2012-07-03,5,46978800000,46.9788,13495500000,13.4955,-47738000000,-47.738,-24941700000,-24.9417,12205400000,12.2054
2012-07-10,5,50997700000,50.9977,15251500000,15.2515,-50756700000,-50.7567,-27989400000,-27.9894,12496900000,12.4969
2012-07-17,5,46647300000,46.6473,16199600000,16.1996,-38690900000,-38.6909,-41462400000,-41.4624,17306400000,17.3064
2012-07-24,5,43437600000,43.4376,16871800000,16.8718,-28551500000,-28.5515,-51555000000,-51.555,19797100000,19.7971
2012-07-31,5,32782200000,32.7822,15892900000,15.8929,-16353200000,-16.3532,-43356600000,-43.3566,11034700000,11.0347
2012-08-07,5,21471700000,21.4717,17044600000,17.0446,-10924400000,-10.9244,-39466200000,-39.4662,11874300000,11.8743
2012-08-14,5,10644900000,10.6449,15867500000,15.8675,-7590400000,-7.5904,-29758200000,-29.7582,10836200000,10.8362
2012-08-21,5,2531000000,2.531,17512900000,17.5129,4047200000,4.0472,-29113000000,-29.113,5021900000,5.0219
2012-08-28,5,-1010400000,-1.0104,19287400000,19.2874,-4183400000,-4.1834,-25407400000,-25.4074,11313800000,11.3138
2012-09-04,5,1383200000,1.3832,24118600000,24.1186,-10743300000,-10.7433,-31356200000,-31.3562,16597700000,16.5977
2012-09-11,5,-21426600000,-21.4266,26924900000,26.9249,2300000,0.0023,-18959100000,-18.9591,13458500000,13.4585
2012-09-18,5,-29569200000,-29.5692,20273300000,20.2733,14790700000,14.7907,-17467000000,-17.467,11972200000,11.9722
2012-09-25,5,-21538700000,-21.5387,13106800000,13.1068,10335100000,10.3351,-15420900000,-15.4209,13517700000,13.5177
2012-10-02,5,-6373100000,-6.3731,12833300000,12.8333,7111700000,7.1117,-30324900000,-30.3249,16753000000,16.753
2012-10-09,5,-10141200000,-10.1412,11421100000,11.4211,758400000,0.7584,-19056200000,-19.0562,17017900000,17.0179
2012-10-16,5,-16460400000,-16.4604,12026700000,12.0267,1042400000,1.0424,-8824600000,-8.8246,12215900000,12.2159
2012-10-23,5,-38263000000,-38.263,19328200000,19.3282,11097700000,11.0977,6720000000,6.72,1117100000,1.1171
2012-10-30,5,-32021700000,-32.0217,20529300000,20.5293,4614400000,4.6144,8573700000,8.5737,-1695700000,-1.6957
2012-11-06,5,-17670700000,-17.6707,24262900000,24.2629,-5051900000,-5.0519,2348900000,2.3489,-3889200000,-3.8892
2012-11-13,5,3651300000,3.6513,22761600000,22.7616,-11675800000,-11.6758,-20205100000,-20.2051,5468000000,5.468
2012-11-20,5,2455000000,2.455,20989400000,20.9894,-28374700000,-28.3747,-5807400000,-5.8074,10737700000,10.7377
2012-11-27,5,3921900000,3.9219,20204600000,20.2046,-26648300000,-26.6483,-7208600000,-7.2086,9730400000,9.7304
2012-12-04,5,2680200000,2.6802,17744300000,17.7443,-20337400000,-20.3374,-9007800000,-9.0078,8920700000,8.9207
2012-12-11,5,2051400000,2.0514,16105300000,16.1053,-18983000000,-18.983,-12012400000,-12.0124,12838700000,12.8387
2012-12-18,5,11301400000,11.3014,27902200000,27.9022,-23574100000,-23.5741,-20973600000,-20.9736,5344100000,5.3441
2012-12-24,5,13014800000,13.0148,32755900000,32.7559,-32108700000,-32.1087,-13429400000,-13.4294,-232600000,-0.2326
2012-12-31,5,12003800000,12.0038,34969900000,34.9699,-40514800000,-40.5148,-8746800000,-8.7468,2287900000,2.2879
2013-01-08,5,2401500000,2.4015,34068400000,34.0684,-25089100000,-25.0891,-2100000000,-2.1,-9280800000,-9.2808
2013-01-15,5,11917800000,11.9178,33914800000,33.9148,-26866800000,-26.8668,-12998100000,-12.9981,-5967700000,-5.9677
2013-01-22,5,14591200000,14.5912,21927600000,21.9276,-13281000000,-13.281,-18179900000,-18.1799,-5057900000,-5.0579
2013-01-29,5,5551400000,5.5514,27384900000,27.3849,-10133900000,-10.1339,-2296800000,-2.2968,-20505600000,-20.5056
2013-02-05,5,2334100000,2.3341,23716100000,23.7161,-19814400000,-19.8144,9828600000,9.8286,-16064400000,-16.0644
2013-02-12,5,5871100000,5.8711,22857300000,22.8573,-9507600000,-9.5076,-4486600000,-4.4866,-14734200000,-14.7342
2013-02-19,5,-3654200000,-3.6542,25803800000,25.8038,-5484700000,-5.4847,-653200000,-0.6532,-16011700000,-16.0117
2013-02-26,5,-5387100000,-5.3871,13990600000,13.9906,3231700000,3.2317,-15970000000,-15.97,4134800000,4.1348
2013-03-05,5,-1548400000,-1.5484,7989200000,7.9892,3400600000,3.4006,-18814900000,-18.8149,8973500000,8.9735
2013-03-12,5,-9916100000,-9.9161,10503000000,10.503,3630800000,3.6308,-2466900000,-2.4669,-1750800000,-1.7508
2013-03-19,5,-6599300000,-6.5993,6684900000,6.6849,19962500000,19.9625,-21746600000,-21.7466,1698500000,1.6985
2013-03-26,5,-11905400000,-11.9054,10437400000,10.4374,35715300000,35.7153,-34729800000,-34.7298,482500000,0.4825
2013-04-02,5,-2162900000,-2.1629,-3152500000,-3.1525,34855500000,34.8555,-43357400000,-43.3574,13817300000,13.8173
2013-04-09,5,15698700000,15.6987,-10092200000,-10.0922,41799200000,41.7992,-60258200000,-60.2582,12852500000,12.8525
2013-04-16,5,21341100000,21.3411,-10526200000,-10.5262,34551300000,34.5513,-53042400000,-53.0424,7676200000,7.6762
2013-04-23,5,8175300000,8.1753,-17114000000,-17.114,39708900000,39.7089,-40772200000,-40.7722,10002000000,10.002
2013-04-30,5,8688400000,8.6884,-10785600000,-10.7856,24127900000,24.1279,-31925500000,-31.9255,9894800000,9.8948
2013-05-07,5,-3229600000,-3.2296,-6733400000,-6.7334,21675400000,21.6754,-18147600000,-18.1476,6435200000,6.4352
2013-05-14,5,-6628000000,-6.628,-8875100000,-8.8751,25372500000,25.3725,-8590500000,-8.5905,-1278900000,-1.2789
2013-05-21,5,-7875000000,-7.875,-8762500000,-8.7625,26949000000,26.949,-5599000000,-5.599,-4712500000,-4.7125
2013-05-28,5,-15992000000,-15.992,-5487500000,-5.4875,24971100000,24.9711,595300000,0.5953,-4086900000,-4.0869
2013-06-04,5,-7981500000,-7.9815,-10823900000,-10.8239,46885800000,46.8858,-2536600000,-2.5366,-25543800000,-25.5438
2013-06-11,5,-6284900000,-6.2849,-2732500000,-2.7325,40327200000,40.3272,1836300000,1.8363,-33146100000,-33.1461
2013-06-18,5,-1214100000,-1.2141,498200000,0.4982,40391600000,40.3916,-7327800000,-7.3278,-32347900000,-32.3479
2013-06-25,5,-14449200000,-14.4492,4642000000,4.642,43543200000,43.5432,-609400000,-0.6094,-33126600000,-33.1266
2013-07-02,5,-9377900000,-9.3779,2327500000,2.3275,38643200000,38.6432,8118800000,8.1188,-39711600000,-39.7116
2013-07-09,5,-3964700000,-3.9647,-2020600000,-2.0206,37812800000,37.8128,8327200000,8.3272,-40154700000,-40.1547
2013-07-16,5,6648000000,6.648,-4149700000,-4.1497,28780600000,28.7806,10646600000,10.6466,-41925500000,-41.9255
2013-07-23,5,2609100000,2.6091,-3981400000,-3.9814,38632500000,38.6325,1012500000,1.0125,-38272700000,-38.2727
2013-07-30,5,-10900400000,-10.9004,-8213500000,-8.2135,49311900000,49.3119,3270300000,3.2703,-33468300000,-33.4683
2013-08-06,5,-14752900000,-14.7529,-17271000000,-17.271,65010900000,65.0109,3828800000,3.8288,-36815800000,-36.8158
2013-08-13,5,-16916400000,-16.9164,-15158400000,-15.1584,71193700000,71.1937,4659100000,4.6591,-43778000000,-43.778
2013-08-20,5,-21600400000,-21.6004,-12466400000,-12.4664,70686900000,70.6869,6471900000,6.4719,-43092000000,-43.092
2013-08-27,5,-6880300000,-6.8803,-10299800000,-10.2998,56064400000,56.0644,4473000000,4.473,-43357300000,-43.3573
2013-09-03,5,6534100000,6.5341,-10803100000,-10.8031,47362500000,47.3625,5156200000,5.1562,-48249700000,-48.2497
2013-09-10,5,1331900000,1.3319,-17378500000,-17.3785,56812300000,56.8123,11480500000,11.4805,-52246200000,-52.2462
2013-09-17,5,21538100000,21.5381,-18275100000,-18.2751,40438400000,40.4384,-169100000,-0.1691,-43532300000,-43.5323
2013-09-24,5,24366800000,24.3668,-19572900000,-19.5729,39244000000,39.244,-10793200000,-10.7932,-33244700000,-33.2447
2013-10-01,5,31762800000,31.7628,-22556300000,-22.5563,32388200000,32.3882,-10870100000,-10.8701,-30724600000,-30.7246
2013-10-08,5,45377600000,45.3776,-27316100000,-27.3161,21495000000,21.495,-13613200000,-13.6132,-25943300000,-25.9433
2013-10-15,5,53404700000,53.4047,-29509700000,-29.5097,25534000000,25.534,-16583600000,-16.5836,-32845400000,-32.8454
2013-10-22,5,42565200000,42.5652,-33879800000,-33.8798,19216100000,19.2161,-6906800000,-6.9068,-20994700000,-20.9947
2013-10-29,5,42707400000,42.7074,-34537400000,-34.5374,31822200000,31.8222,-19838100000,-19.8381,-20154100000,-20.1541
2013-11-05,5,46062500000,46.0625,-30046800000,-30.0468,23858000000,23.858,-15126900000,-15.1269,-24746800000,-24.7468
2013-11-12,5,47391000000,47.391,-21443400000,-21.4434,9486600000,9.4866,-5006200000,-5.0062,-30428000000,-30.428
2013-11-19,5,46411200000,46.4112,-20369000000,-20.369,7012300000,7.0123,-5331000000,-5.331,-27723500000,-27.7235
2013-11-26,5,48474600000,48.4746,-12796300000,-12.7963,13323400000,13.3234,-24178700000,-24.1787,-24823000000,-24.823
2013-12-03,5,58935700000,58.9357,-12273100000,-12.2731,12007800000,12.0078,-25113400000,-25.1134,-33557000000,-33.557
2013-12-10,5,43120300000,43.1203,-170300000,-0.1703,17559100000,17.5591,-20964700000,-20.9647,-39544400000,-39.5444
2013-12-17,5,37276700000,37.2767,2224300000,2.2243,13504800000,13.5048,-11862000000,-11.862,-41143800000,-41.1438
2013-12-24,5,20254700000,20.2547,4914900000,4.9149,28404000000,28.404,-9981000000,-9.981,-43592600000,-43.5926
2013-12-31,5,19879800000,19.8798,12832300000,12.8323,18734500000,18.7345,216500000,0.2165,-51663100000,-51.6631
2014-01-07,5,5039800000,5.0398,12550100000,12.5501,46294900000,46.2949,-13942400000,-13.9424,-49942400000,-49.9424
2014-01-14,5,-7653600000,-7.6536,4136200000,4.1362,72766000000,72.766,-22029300000,-22.0293,-47219300000,-47.2193
2014-01-21,5,-14627400000,-14.6274,5300200000,5.3002,81076500000,81.0765,-24930800000,-24.9308,-46818500000,-46.8185
2014-01-28,5,-7804400000,-7.8044,-5983400000,-5.9834,86977500000,86.9775,-36312600000,-36.3126,-36877100000,-36.8771
2014-02-04,5,28133100000,28.1331,-676700000,-0.6767,45210400000,45.2104,-38096600000,-38.0966,-34570200000,-34.5702
2014-02-11,5,35453000000,35.453,-6716800000,-6.7168,38055600000,38.0556,-34387700000,-34.3877,-32404100000,-32.4041
2014-02-18,5,20712100000,20.7121,-12142400000,-12.1424,64073900000,64.0739,-42047500000,-42.0475,-30596100000,-30.5961
2014-02-25,5,-2681400000,-2.6814,-9267700000,-9.2677,81607500000,81.6075,-35950600000,-35.9506,-33707800000,-33.7078
2014-03-04,5,7511900000,7.5119,-4655000000,-4.655,54877700000,54.8777,-31410500000,-31.4105,-26324100000,-26.3241
2014-03-11,5,-10690400000,-10.6904,1516600000,1.5166,70422200000,70.4222,-23287400000,-23.2874,-37961000000,-37.961
2014-03-18,5,-7214800000,-7.2148,-3999100000,-3.9991,69426700000,69.4267,-27845200000,-27.8452,-30367600000,-30.3676
2014-03-25,5,-22691400000,-22.6914,401900000,0.4019,88448300000,88.4483,-21239400000,-21.2394,-44919400000,-44.9194
2014-04-01,5,-17086300000,-17.0863,-9361900000,-9.3619,93998100000,93.9981,-18842400000,-18.8424,-48707500000,-48.7075
2014-04-08,5,-6690500000,-6.6905,-13014000000,-13.014,95189300000,95.1893,-32750300000,-32.7503,-42734500000,-42.7345
2014-04-15,5,7756900000,7.7569,-18841400000,-18.8414,83162400000,83.1624,-37527200000,-37.5272,-34550700000,-34.5507
2014-04-22,5,-11635000000,-11.635,-15247100000,-15.2471,91081600000,91.0816,-27431300000,-27.4313,-36768200000,-36.7682
2014-04-29,5,-10703300000,-10.7033,-17145200000,-17.1452,92050000000,92.05,-26398300000,-26.3983,-37803200000,-37.8032
2014-05-06,5,-6229700000,-6.2297,-19883000000,-19.883,97382000000,97.382,-29921400000,-29.9214,-41347900000,-41.3479
2014-05-13,5,-14418100000,-14.4181,-17891400000,-17.8914,114280700000,114.2807,-41926100000,-41.9261,-40045100000,-40.0451
2014-05-20,5,-11797700000,-11.7977,-23568500000,-23.5685,108489400000,108.4894,-41723900000,-41.7239,-31399300000,-31.3993
2014-05-27,5,-21452900000,-21.4529,-14928600000,-14.9286,125008500000,125.0085,-50356400000,-50.3564,-38270600000,-38.2706
2014-06-03,5,-39428100000,-39.4281,-13901500000,-13.9015,115652300000,115.6523,-33208600000,-33.2086,-29114100000,-29.1141
2014-06-10,5,-38926800000,-38.9268,-3001200000,-3.0012,114892100000,114.8921,-39928500000,-39.9285,-33035600000,-33.0356
2014-06-17,5,-38541800000,-38.5418,1124700000,1.1247,105688900000,105.6889,-30066000000,-30.066,-38205800000,-38.2058
2014-06-24,5,-45369300000,-45.3693,-1298400000,-1.2984,129845900000,129.8459,-36455900000,-36.4559,-46722300000,-46.7223
2014-07-01,5,-36359500000,-36.3595,-12331200000,-12.3312,125832300000,125.8323,-36497800000,-36.4978,-40643800000,-40.6438
2014-07-08,5,-39808400000,-39.8084,-6124500000,-6.1245,127177000000,127.177,-35620700000,-35.6207,-45623400000,-45.6234
2014-07-15,5,-33090500000,-33.0905,-11564700000,-11.5647,119541900000,119.5419,-32179000000,-32.179,-42707700000,-42.7077
2014-07-22,5,-39960400000,-39.9604,-9940500000,-9.9405,124159500000,124.1595,-34112100000,-34.1121,-40146500000,-40.1465
2014-07-29,5,-44966600000,-44.9666,5542900000,5.5429,128869300000,128.8693,-52141400000,-52.1414,-37304200000,-37.3042
2014-08-05,5,-51186400000,-51.1864,2423400000,2.4234,133149300000,133.1493,-43852900000,-43.8529,-40533400000,-40.5334
2014-08-12,5,-37425500000,-37.4255,1494000000,1.494,121090800000,121.0908,-50167800000,-50.1678,-34991500000,-34.9915
2014-08-19,5,-24008400000,-24.0084,-6552500000,-6.5525,119191200000,119.1912,-53678100000,-53.6781,-34952200000,-34.9522
2014-08-26,5,-21151600000,-21.1516,3248200000,3.2482,113958600000,113.9586,-58713800000,-58.7138,-37341400000,-37.3414
2014-09-02,5,-9369800000,-9.3698,-2449200000,-2.4492,90117100000,90.1171,-43271400000,-43.2714,-35026700000,-35.0267
2014-09-09,5,-29050000000,-29.05,9259300000,9.2593,97144400000,97.1444,-33536200000,-33.5362,-43817500000,-43.8175
2014-09-16,5,-27719900000,-27.7199,21071400000,21.0714,84543500000,84.5435,-31434300000,-31.4343,-46460700000,-46.4607
2014-09-23,5,-36706600000,-36.7066,17199000000,17.199,88503200000,88.5032,-20404900000,-20.4049,-48590700000,-48.5907
2014-09-30,5,-4192600000,-4.1926,623100000,0.6231,73957300000,73.9573,-23228600000,-23.2286,-47159200000,-47.1592
2014-10-07,5,10702700000,10.7027,-12308000000,-12.308,89032100000,89.0321,-41932500000,-41.9325,-45494300000,-45.4943
2014-10-14,5,34064600000,34.0646,-20213800000,-20.2138,75314100000,75.3141,-48591900000,-48.5919,-40573000000,-40.573
2014-10-21,5,30544800000,30.5448,-14391100000,-14.3911,47678300000,47.6783,-37632100000,-37.6321,-26199900000,-26.1999
2014-10-28,5,7267500000,7.2675,-13472100000,-13.4721,70568700000,70.5687,-37823900000,-37.8239,-26540200000,-26.5402
2014-11-04,5,1597200000,1.5972,-10128400000,-10.1284,72653900000,72.6539,-33930500000,-33.9305,-30192200000,-30.1922
2014-11-11,5,1213200000,1.2132,-12494900000,-12.4949,77854100000,77.8541,-34261600000,-34.2616,-32310800000,-32.3108
2014-11-18,5,-1084600000,-1.0846,-18560500000,-18.5605,93210500000,93.2105,-45257600000,-45.2576,-28307800000,-28.3078
2014-11-25,5,11402700000,11.4027,-15923600000,-15.9236,84741400000,84.7414,-43083900000,-43.0839,-37136600000,-37.1366
2014-12-02,5,11025400000,11.0254,-13463600000,-13.4636,64161600000,64.1616,-34547600000,-34.5476,-27175800000,-27.1758
2014-12-09,5,14698400000,14.6984,-17271700000,-17.2717,67997600000,67.9976,-29747600000,-29.7476,-35676700000,-35.6767
2014-12-16,5,21082700000,21.0827,-23794700000,-23.7947,65244200000,65.2442,-31243400000,-31.2434,-31288800000,-31.2888
2014-12-23,5,3726600000,3.7266,-17660500000,-17.6605,72024000000,72.024,-25202100000,-25.2021,-32888000000,-32.888
2014-12-30,5,12308000000,12.308,-12828600000,-12.8286,64516500000,64.5165,-27434400000,-27.4344,-36561500000,-36.5615
2015-01-06,5,21935600000,21.9356,-14584500000,-14.5845,50706300000,50.7063,-28559800000,-28.5598,-29497600000,-29.4976
2015-01-13,5,32644100000,32.6441,-13513500000,-13.5135,46729500000,46.7295,-35863600000,-35.8636,-29996500000,-29.9965
2015-01-20,5,27215700000,27.2157,-13225800000,-13.2258,41879000000,41.879,-33679900000,-33.6799,-22189000000,-22.189
2015-01-27,5,-4164900000,-4.1649,-12492100000,-12.4921,67130700000,67.1307,-30968800000,-30.9688,-19504900000,-19.5049
2015-02-03,5,-17151300000,-17.1513,-15307900000,-15.3079,74117200000,74.1172,-21041000000,-21.041,-20617000000,-20.617
2015-02-10,5,-46069200000,-46.0692,-10041200000,-10.0412,113415000000,113.415,-32551400000,-32.5514,-24753200000,-24.7532
2015-02-17,5,-42381400000,-42.3814,-4271500000,-4.2715,114915700000,114.9157,-38626400000,-38.6264,-29636400000,-29.6364
2015-02-24,5,-25334100000,-25.3341,-9491400000,-9.4914,103547900000,103.5479,-38611500000,-38.6115,-30110900000,-30.1109
2015-03-03,5,-10092000000,-10.092,-288000000,-0.288,72376100000,72.3761,-28244300000,-28.2443,-33751800000,-33.7518
2015-03-10,5,-9641300000,-9.6413,18692500000,18.6925,66659200000,66.6592,-39741600000,-39.7416,-35968800000,-35.9688
2015-03-17,5,-7011400000,-7.0114,19880100000,19.8801,61427800000,61.4278,-43293300000,-43.2933,-31003200000,-31.0032
2015-03-24,5,2507600000,2.5076,-8956500000,-8.9565,65926600000,65.9266,-37005500000,-37.0055,-22472200000,-22.4722
2015-03-31,5,16593300000,16.5933,-8874800000,-8.8748,47281900000,47.2819,-31184400000,-31.1844,-23816000000,-23.816
2015-04-07,5,16648300000,16.6483,-8316900000,-8.3169,34165700000,34.1657,-26910200000,-26.9102,-15586900000,-15.5869
2015-04-14,5,7814500000,7.8145,-10678200000,-10.6782,51267200000,51.2672,-34885400000,-34.8854,-13518100000,-13.5181
2015-04-21,5,22212500000,22.2125,-11448600000,-11.4486,47447500000,47.4475,-35860400000,-35.8604,-22351000000,-22.351
2015-04-28,5,15327400000,15.3274,-16149700000,-16.1497,56922900000,56.9229,-37656600000,-37.6566,-18444000000,-18.444
2015-05-05,5,29188900000,29.1889,-21054500000,-21.0545,48192600000,48.1926,-26277300000,-26.2773,-30049700000,-30.0497
2015-05-12,5,25130400000,25.1304,-2164100000,-2.1641,48722400000,48.7224,-35113300000,-35.1133,-36575400000,-36.5754
2015-05-19,5,17436700000,17.4367,5058800000,5.0588,26516700000,26.5167,-13919500000,-13.9195,-35092700000,-35.0927
2015-05-26,5,23194200000,23.1942,10862800000,10.8628,29164200000,29.1642,-29203100000,-29.2031,-34018100000,-34.0181
2015-06-02,5,44151700000,44.1517,13846300000,13.8463,14182800000,14.1828,-33829700000,-33.8297,-38351100000,-38.3511
2015-06-09,5,40170900000,40.1709,9769200000,9.7692,28439900000,28.4399,-37256100000,-37.2561,-41123900000,-41.1239
2015-06-16,5,42756200000,42.7562,17038900000,17.0389,19935300000,19.9353,-41094200000,-41.0942,-38636200000,-38.6362
2015-06-23,5,45655400000,45.6554,1682000000,1.682,25739800000,25.7398,-36423900000,-36.4239,-36653300000,-36.6533
2015-06-30,5,55345600000,55.3456,4999200000,4.9992,8914900000,8.9149,-37593300000,-37.5933,-31666400000,-31.6664
2015-07-07,5,70298300000,70.2983,-10409900000,-10.4099,10916500000,10.9165,-43537200000,-43.5372,-27267700000,-27.2677
2015-07-14,5,67935400000,67.9354,7505200000,7.5052,3383400000,3.3834,-51895300000,-51.8953,-26928700000,-26.9287
2015-07-21,5,66343200000,66.3432,17755700000,17.7557,3968600000,3.9686,-54821600000,-54.8216,-33245900000,-33.2459
2015-07-28,5,73961800000,73.9618,12229400000,12.2294,5992100000,5.9921,-60391200000,-60.3912,-31792100000,-31.7921
2015-08-04,5,94529500000,94.5295,16720500000,16.7205,-10801100000,-10.8011,-67032600000,-67.0326,-33416300000,-33.4163
2015-08-11,5,86499600000,86.4996,18007400000,18.0074,3819100000,3.8191,-76661900000,-76.6619,-31664200000,-31.6642
2015-08-18,5,82418900000,82.4189,16048500000,16.0485,-4679100000,-4.6791,-64601800000,-64.6018,-29186500000,-29.1865
2015-08-25,5,86061300000,86.0613,17312300000,17.3123,-16316600000,-16.3166,-64557500000,-64.5575,-22499500000,-22.4995
2015-09-01,5,97971600000,97.9716,5863100000,5.8631,-26050300000,-26.0503,-58654400000,-58.6544,-19130000000,-19.13
2015-09-08,5,93115600000,93.1156,3125800000,3.1258,-19577800000,-19.5778,-59651200000,-59.6512,-17012400000,-17.0124
2015-09-15,5,105687400000,105.6874,-9805900000,-9.8059,-22160900000,-22.1609,-56628100000,-56.6281,-17092500000,-17.0925
2015-09-22,5,116567700000,116.5677,-8179100000,-8.1791,-36127300000,-36.1273,-60011400000,-60.0114,-12249900000,-12.2499
2015-09-29,5,132588500000,132.5885,-3694700000,-3.6947,-56738800000,-56.7388,-62728500000,-62.7285,-9426500000,-9.4265
2015-10-06,5,133865200000,133.8652,-5596800000,-5.5968,-57515400000,-57.5154,-62139700000,-62.1397,-8613300000,-8.6133
2015-10-13,5,135823400000,135.8234,-2945300000,-2.9453,-60591900000,-60.5919,-64117000000,-64.117,-8169200000,-8.1692
2015-10-20,5,116309700000,116.3097,-1136700000,-1.1367,-56577200000,-56.5772,-49317600000,-49.3176,-9278200000,-9.2782
2015-10-27,5,105381200000,105.3812,6045800000,6.0458,-54119400000,-54.1194,-53149600000,-53.1496,-4158000000,-4.158
2015-11-03,5,92623800000,92.6238,17136300000,17.1363,-63281100000,-63.2811,-30614000000,-30.614,-15865000000,-15.865
2015-11-10,5,80700700000,80.7007,36697500000,36.6975,-46355800000,-46.3558,-45145800000,-45.1458,-25896600000,-25.8966
2015-11-17,5,90372500000,90.3725,35640800000,35.6408,-59751800000,-59.7518,-34204300000,-34.2043,-32057200000,-32.0572
2015-11-24,5,110643600000,110.6436,34930300000,34.9303,-75323500000,-75.3235,-36828600000,-36.8286,-33421800000,-33.4218
2015-12-01,5,127277400000,127.2774,24775300000,24.7753,-80219800000,-80.2198,-45163700000,-45.1637,-26669200000,-26.6692
2015-12-08,5,133197500000,133.1975,23574000000,23.574,-76948300000,-76.9483,-44633900000,-44.6339,-35189300000,-35.1893
2015-12-15,5,137298100000,137.2981,23028900000,23.0289,-79640500000,-79.6405,-51916400000,-51.9164,-28770100000,-28.7701
2015-12-22,5,126925600000,126.9256,27346900000,27.3469,-82692100000,-82.6921,-46276300000,-46.2763,-25304100000,-25.3041
2015-12-29,5,136949900000,136.9499,30246800000,30.2468,-85146700000,-85.1467,-51939000000,-51.939,-30111000000,-30.111
2016-01-05,5,142142800000,142.1428,28162600000,28.1626,-99630400000,-99.6304,-44124300000,-44.1243,-26550700000,-26.5507
2016-01-12,5,168884800000,168.8848,13634000000,13.634,-90411700000,-90.4117,-65359000000,-65.359,-26748100000,-26.7481
2016-01-19,5,184686000000,184.686,1762200000,1.7622,-92666100000,-92.6661,-77652100000,-77.6521,-16130000000,-16.13
2016-01-26,5,187584500000,187.5845,5961600000,5.9616,-95488400000,-95.4884,-81648200000,-81.6482,-16409500000,-16.4095
2016-02-02,5,195752100000,195.7521,4736000000,4.736,-102825200000,-102.8252,-84417500000,-84.4175,-13245400000,-13.2454
2016-02-09,5,199525300000,199.5253,10683000000,10.683,-108629800000,-108.6298,-92359100000,-92.3591,-9219400000,-9.2194
2016-02-16,5,196874000000,196.874,10199100000,10.1991,-114369500000,-114.3695,-86204800000,-86.2048,-6498800000,-6.4988
2016-02-23,5,167485300000,167.4853,2558800000,2.5588,-84241200000,-84.2412,-81882700000,-81.8827,-3920200000,-3.9202
2016-03-01,5,164218200000,164.2182,6646300000,6.6463,-86057400000,-86.0574,-71888900000,-71.8889,-12918200000,-12.9182
2016-03-08,6,146523100000,146.5231,1336100000,1.3361,-71212600000,-71.2126,-65038200000,-65.0382,-11608400000,-11.6084
2016-03-22,6,113946400000,113.9464,2195000000,2.195,-56060700000,-56.0607,-46556700000,-46.5567,-13524000000,-13.524
2016-04-05,6,166779400000,166.7794,-8023700000,-8.0237,-107061700000,-107.0617,-43861100000,-43.8611,-7832900000,-7.8329
2016-04-12,6,156231900000,156.2319,-12573400000,-12.5734,-86120100000,-86.1201,-46563200000,-46.5632,-10975200000,-10.9752
2016-04-19,6,147653400000,147.6534,-11727400000,-11.7274,-68570200000,-68.5702,-57889600000,-57.8896,-9466200000,-9.4662
2016-04-26,6,137676300000,137.6763,-12080400000,-12.0804,-58414700000,-58.4147,-54563100000,-54.5631,-12618100000,-12.6181
2016-05-03,6,144326900000,144.3269,-17513200000,-17.5132,-55512600000,-55.5126,-59311100000,-59.3111,-11990000000,-11.99
2016-05-10,6,158226600000,158.2266,-20880900000,-20.8809,-62959000000,-62.959,-64039400000,-64.0394,-10347300000,-10.3473
2016-05-17,6,150737300000,150.7373,-20689900000,-20.6899,-61882600000,-61.8826,-56383500000,-56.3835,-11781300000,-11.7813
2016-05-24,6,152232900000,152.2329,-15217500000,-15.2175,-56235700000,-56.2357,-55760200000,-55.7602,-25019500000,-25.0195
2016-05-31,6,149617600000,149.6176,-16021400000,-16.0214,-69745300000,-69.7453,-50124700000,-50.1247,-13726200000,-13.7262
2016-06-07,6,148578200000,148.5782,-21349400000,-21.3494,-56639100000,-56.6391,-56893400000,-56.8934,-13696300000,-13.6963
2016-06-14,6,159366600000,159.3666,-18804200000,-18.8042,-65973300000,-65.9733,-66534300000,-66.5343,-8054800000,-8.0548
2016-06-21,6,161536600000,161.5366,-21464700000,-21.4647,-66673400000,-66.6734,-68851200000,-68.8512,-4547300000,-4.5473
2016-06-28,6,156730300000,156.7303,-19707600000,-19.7076,-77288400000,-77.2884,-56439000000,-56.439,-3295300000,-3.2953
2016-07-05,6,167182000000,167.182,-17998100000,-17.9981,-95532200000,-95.5322,-46134900000,-46.1349,-7516800000,-7.5168
2016-07-12,6,134338000000,134.338,-15042400000,-15.0424,-74894100000,-74.8941,-37251900000,-37.2519,-7149600000,-7.1496
2016-07-19,6,130099300000,130.0993,-12988100000,-12.9881,-68117200000,-68.1172,-39377600000,-39.3776,-9616400000,-9.6164
2016-07-26,6,132647600000,132.6476,-5539300000,-5.5393,-66106600000,-66.1066,-51966000000,-51.966,-9035700000,-9.0357
2016-08-02,6,130855100000,130.8551,4987000000,4.987,-69163700000,-69.1637,-55593300000,-55.5933,-11085100000,-11.0851
2016-08-09,6,123063500000,123.0635,8365600000,8.3656,-64003500000,-64.0035,-53823700000,-53.8237,-13601900000,-13.6019
2016-08-16,6,120651800000,120.6518,826900000,0.8269,-63804500000,-63.8045,-42161600000,-42.1616,-15512600000,-15.5126
2016-08-23,6,112507700000,112.5077,5055100000,5.0551,-50229800000,-50.2298,-51132800000,-51.1328,-16200200000,-16.2002
2016-08-30,6,125932500000,125.9325,-2570300000,-2.5703,-43978600000,-43.9786,-54315800000,-54.3158,-25067800000,-25.0678
2016-09-06,6,134495900000,134.4959,-14287900000,-14.2879,-46518900000,-46.5189,-52646900000,-52.6469,-21042200000,-21.0422
2016-09-13,6,142432400000,142.4324,-7905400000,-7.9054,-71694000000,-71.694,-35500500000,-35.5005,-27332500000,-27.3325
2016-09-20,6,141538500000,141.5385,-12124100000,-12.1241,-64520600000,-64.5206,-45390600000,-45.3906,-19503200000,-19.5032
2016-09-27,6,150345500000,150.3455,-12137300000,-12.1373,-62011200000,-62.0112,-59541700000,-59.5417,-16655300000,-16.6553
2016-10-04,6,144290500000,144.2905,-16992100000,-16.9921,-69521300000,-69.5213,-39255400000,-39.2554,-18521700000,-18.5217
2016-10-11,6,130756600000,130.7566,-24320400000,-24.3204,-49262200000,-49.2622,-30847200000,-30.8472,-26326800000,-26.3268
2016-10-18,6,139613400000,139.6134,-27080000000,-27.08,-36225900000,-36.2259,-43965400000,-43.9654,-32342100000,-32.3421
2016-10-25,6,144596100000,144.5961,-26360900000,-26.3609,-35069800000,-35.0698,-48240300000,-48.2403,-34925100000,-34.9251
2016-11-01,6,150647000000,150.647,-26708200000,-26.7082,-46828100000,-46.8281,-41719300000,-41.7193,-35391400000,-35.3914
2016-11-08,6,169405000000,169.405,-20606000000,-20.606,-61167700000,-61.1677,-54700400000,-54.7004,-32930900000,-32.9309
2016-11-15,6,156555400000,156.5554,-1725000000,-1.725,-58010200000,-58.0102,-56579900000,-56.5799,-40240300000,-40.2403
2016-11-22,6,158327000000,158.327,2746000000,2.746,-56677200000,-56.6772,-62569500000,-62.5695,-41826300000,-41.8263
2016-11-29,6,184313200000,184.3132,1686800000,1.6868,-91629000000,-91.629,-47490300000,-47.4903,-46880700000,-46.8807
2016-12-06,6,199958400000,199.9584,-8931200000,-8.9312,-95509700000,-95.5097,-46846700000,-46.8467,-48670800000,-48.6708
2016-12-13,6,208486300000,208.4863,-7461900000,-7.4619,-102687500000,-102.6875,-50673700000,-50.6737,-47663200000,-47.6632
2016-12-20,6,230301800000,230.3018,-8639000000,-8.639,-119199000000,-119.199,-51477300000,-51.4773,-50986500000,-50.9865
2016-12-27,6,240672300000,240.6723,-8220000000,-8.22,-126687000000,-126.687,-52023900000,-52.0239,-53741400000,-53.7414
2017-01-03,6,257631800000,257.6318,-19480300000,-19.4803,-137323400000,-137.3234,-49781500000,-49.7815,-51046600000,-51.0466
2017-01-10,6,273377700000,273.3777,-14542300000,-14.5423,-136858500000,-136.8585,-62080200000,-62.0802,-59896700000,-59.8967
2017-01-17,6,261485100000,261.4851,-16849400000,-16.8494,-128157600000,-128.1576,-63940800000,-63.9408,-52537300000,-52.5373
2017-01-24,6,226196000000,226.196,737600000,0.7376,-115017800000,-115.0178,-65189600000,-65.1896,-46726200000,-46.7262
2017-01-31,6,234428000000,234.428,-8413400000,-8.4134,-111967500000,-111.9675,-66738200000,-66.7382,-47308900000,-47.3089
2017-02-07,6,235215600000,235.2156,-10010500000,-10.0105,-104082300000,-104.0823,-71708800000,-71.7088,-49414000000,-49.414
2017-02-14,6,232178300000,232.1783,-7976100000,-7.9761,-104229800000,-104.2298,-63954300000,-63.9543,-56018100000,-56.0181
2017-02-21,6,221305600000,221.3056,-91100000,-0.0911,-84984000000,-84.984,-86082300000,-86.0823,-50148200000,-50.1482
2017-02-28,6,219581000000,219.581,1837200000,1.8372,-91534000000,-91.534,-84329600000,-84.3296,-45554600000,-45.5546
2017-03-07,6,222895700000,222.8957,-597000000,-0.597,-101856800000,-101.8568,-64045000000,-64.045,-56396900000,-56.3969
2017-03-14,6,220684100000,220.6841,914400000,0.9144,-99921100000,-99.9211,-64562500000,-64.5625,-57114900000,-57.1149
2017-03-21,6,215990500000,215.9905,-10123000000,-10.123,-84719900000,-84.7199,-71071900000,-71.0719,-50075700000,-50.0757
2017-03-28,6,210774000000,210.774,-14684000000,-14.684,-72286900000,-72.2869,-81320900000,-81.3209,-42482200000,-42.4822
2017-04-04,6,199663100000,199.6631,-18633300000,-18.6333,-74704700000,-74.7047,-69295500000,-69.2955,-37029600000,-37.0296
2017-04-11,6,209083500000,209.0835,-26617100000,-26.6171,-70967300000,-70.9673,-78912300000,-78.9123,-32586800000,-32.5868
2017-04-18,6,217860700000,217.8607,-25813100000,-25.8131,-78109800000,-78.1098,-85575800000,-85.5758,-28362000000,-28.362
2017-04-25,6,203648600000,203.6486,-31924800000,-31.9248,-59808900000,-59.8089,-84516000000,-84.516,-27398900000,-27.3989
2017-05-02,6,211402200000,211.4022,-32576200000,-32.5762,-65191900000,-65.1919,-85133000000,-85.133,-28501100000,-28.5011
2017-05-09,6,211326200000,211.3262,-26429700000,-26.4297,-64772900000,-64.7729,-79297300000,-79.2973,-40826300000,-40.8263
2017-05-16,6,225873900000,225.8739,-32586600000,-32.5866,-75274400000,-75.2744,-73973600000,-73.9736,-44039300000,-44.0393
2017-05-23,6,207557900000,207.5579,-7334900000,-7.3349,-84894900000,-84.8949,-81303300000,-81.3033,-34024800000,-34.0248
2017-05-30,6,217221400000,217.2214,-5343600000,-5.3436,-103699700000,-103.6997,-73494300000,-73.4943,-34683800000,-34.6838
2017-06-06,6,207317300000,207.3173,-20900300000,-20.9003,-82925100000,-82.9251,-78422600000,-78.4226,-25069300000,-25.0693
2017-06-13,6,213328900000,213.3289,-24230700000,-24.2307,-76548400000,-76.5484,-88703200000,-88.7032,-23846600000,-23.8466
2017-06-20,6,217720800000,217.7208,-23055500000,-23.0555,-79570400000,-79.5704,-87923000000,-87.923,-27171900000,-27.1719
2017-06-27,6,213166100000,213.1661,-25825900000,-25.8259,-79426800000,-79.4268,-76632200000,-76.6322,-31281200000,-31.2812
2017-07-03,6,202947200000,202.9472,-28992600000,-28.9926,-79274000000,-79.274,-57706800000,-57.7068,-36973800000,-36.9738
2017-07-11,6,198034200000,198.0342,-27784400000,-27.7844,-61966500000,-61.9665,-62960400000,-62.9604,-45322900000,-45.3229
2017-07-18,6,194825400000,194.8254,-21258800000,-21.2588,-73157400000,-73.1574,-65087200000,-65.0872,-35322000000,-35.322
2017-07-25,6,186996500000,186.9965,-19519900000,-19.5199,-74002500000,-74.0025,-55752900000,-55.7529,-37721200000,-37.7212
2017-08-01,6,196931400000,196.9314,-19721400000,-19.7214,-78688000000,-78.688,-64554900000,-64.5549,-33967100000,-33.9671
2017-08-08,6,196192300000,196.1923,-21395800000,-21.3958,-69415100000,-69.4151,-65475700000,-65.4757,-39905700000,-39.9057
2017-08-15,6,203020200000,203.0202,-28782300000,-28.7823,-78705300000,-78.7053,-65792000000,-65.792,-29740600000,-29.7406
2017-08-22,6,204809300000,204.8093,-28814600000,-28.8146,-73139300000,-73.1393,-73279400000,-73.2794,-29576000000,-29.576
2017-08-29,6,195475400000,195.4754,-27468400000,-27.4684,-63395200000,-63.3952,-78175300000,-78.1753,-26436500000,-26.4365
2017-09-05,6,200957400000,200.9574,-24862200000,-24.8622,-70281600000,-70.2816,-82295200000,-82.2952,-23518400000,-23.5184
2017-09-12,6,178203700000,178.2037,-28251700000,-28.2517,-59853000000,-59.853,-65150100000,-65.1501,-24948900000,-24.9489
2017-09-19,6,153225800000,153.2258,-18777200000,-18.7772,-52766000000,-52.766,-53683100000,-53.6831,-27999500000,-27.9995
2017-09-26,6,152798300000,152.7983,-21581600000,-21.5816,-44277600000,-44.2776,-54532200000,-54.5322,-32406900000,-32.4069
2017-10-03,6,161810000000,161.81,-32570700000,-32.5707,-40087100000,-40.0871,-46831500000,-46.8315,-42320700000,-42.3207
2017-10-10,6,167716500000,167.7165,-33133600000,-33.1336,-32987400000,-32.9874,-53626000000,-53.626,-47969500000,-47.9695
2017-10-17,6,184422500000,184.4225,-31770900000,-31.7709,-55177100000,-55.1771,-48559300000,-48.5593,-48915200000,-48.9152
2017-10-24,6,170384400000,170.3844,-22299000000,-22.299,-34328100000,-34.3281,-61189600000,-61.1896,-52567700000,-52.5677
2017-10-31,6,194459300000,194.4593,-14899100000,-14.8991,-73533300000,-73.5333,-45420200000,-45.4202,-60606700000,-60.6067
2017-11-07,6,177189400000,177.1894,-7685100000,-7.6851,-58197000000,-58.197,-55549300000,-55.5493,-55758000000,-55.758
2017-11-14,6,165714000000,165.714,-2289600000,-2.2896,-59016000000,-59.016,-52353400000,-52.3534,-52055000000,-52.055
2017-11-21,6,170581400000,170.5814,4140700000,4.1407,-74235500000,-74.2355,-46056700000,-46.0567,-54429900000,-54.4299
2017-11-28,6,177238200000,177.2382,2035600000,2.0356,-70840800000,-70.8408,-63622000000,-63.622,-44811000000,-44.811
2017-12-05,6,180713800000,180.7138,21970100000,21.9701,-100227100000,-100.2271,-51010000000,-51.01,-51446800000,-51.4468
2017-12-12,6,187225000000,187.225,19274000000,19.274,-95160600000,-95.1606,-57112200000,-57.1122,-54226200000,-54.2262
2017-12-19,6,199732600000,199.7326,11082000000,11.082,-106557900000,-106.5579,-49938400000,-49.9384,-54318300000,-54.3183
2017-12-26,6,206132300000,206.1323,6292000000,6.292,-116069900000,-116.0699,-47599600000,-47.5996,-48754800000,-48.7548
2018-01-02,6,207589700000,207.5897,2284200000,2.2842,-116795300000,-116.7953,-44290000000,-44.29,-48788600000,-48.7886
2018-01-09,6,221534500000,221.5345,5424700000,5.4247,-133495500000,-133.4955,-35254600000,-35.2546,-58209100000,-58.2091
2018-01-16,6,216786800000,216.7868,1023200000,1.0232,-117939100000,-117.9391,-40796000000,-40.796,-59074900000,-59.0749
2018-01-23,6,226830200000,226.8302,-6593500000,-6.5935,-117762600000,-117.7626,-39207300000,-39.2073,-63266800000,-63.2668
2018-01-30,6,227998700000,227.9987,-1803700000,-1.8037,-117931200000,-117.9312,-42886300000,-42.8863,-65377500000,-65.3775
2018-02-06,6,220652700000,220.6527,-2309000000,-2.309,-98618600000,-98.6186,-61329000000,-61.329,-58396100000,-58.3961
2018-02-13,6,226370400000,226.3704,-2539400000,-2.5394,-101498200000,-101.4982,-59151500000,-59.1515,-63181300000,-63.1813
2018-02-20,6,240815600000,240.8156,1328500000,1.3285,-101403100000,-101.4031,-78565200000,-78.5652,-62175800000,-62.1758
2018-02-27,6,273180600000,273.1806,-11196600000,-11.1966,-136754600000,-136.7546,-59798500000,-59.7985,-65430900000,-65.4309
2018-03-06,6,272319800000,272.3198,-17375600000,-17.3756,-121911500000,-121.9115,-66475100000,-66.4751,-66557600000,-66.5576
2018-03-13,6,272872900000,272.8729,-16567300000,-16.5673,-118505700000,-118.5057,-70443500000,-70.4435,-67356400000,-67.3564
2018-03-20,6,288267500000,288.2675,-12715200000,-12.7152,-133686900000,-133.6869,-78512000000,-78.512,-63353400000,-63.3534
2018-03-27,6,280576300000,280.5763,-18670000000,-18.67,-111163300000,-111.1633,-91163700000,-91.1637,-59579300000,-59.5793
2018-04-03,6,288095000000,288.095,-10804900000,-10.8049,-144013600000,-144.0136,-76969200000,-76.9692,-56307300000,-56.3073
2018-04-10,6,272813200000,272.8132,-6286600000,-6.2866,-126428400000,-126.4284,-82303900000,-82.3039,-57794300000,-57.7943
2018-04-17,6,266369400000,266.3694,-7362300000,-7.3623,-129037800000,-129.0378,-77034300000,-77.0343,-52935000000,-52.935
2018-04-24,6,280121000000,280.121,4986700000,4.9867,-160549200000,-160.5492,-63903200000,-63.9032,-60655300000,-60.6553
2018-05-01,6,299703700000,299.7037,12853300000,12.8533,-181851500000,-181.8515,-69927900000,-69.9279,-60777600000,-60.7776
2018-05-08,6,306529800000,306.5298,12450800000,12.4508,-192060300000,-192.0603,-69042800000,-69.0428,-57877500000,-57.8775
2018-05-15,6,301712500000,301.7125,20764600000,20.7646,-179425600000,-179.4256,-81310900000,-81.3109,-61740600000,-61.7406
2018-05-22,6,326317700000,326.3177,24349200000,24.3492,-186863500000,-186.8635,-94837600000,-94.8376,-68965800000,-68.9658
2018-05-29,6,365916500000,365.9165,15848100000,15.8481,-210399000000,-210.399,-112084500000,-112.0845,-59281100000,-59.2811
2018-06-05,6,357702900000,357.7029,1282100000,1.2821,-208405000000,-208.405,-101694400000,-101.6944,-48885600000,-48.8856
2018-06-12,6,350304700000,350.3047,8351900000,8.3519,-204682100000,-204.6821,-98690800000,-98.6908,-55283700000,-55.2837
2018-06-19,6,335557500000,335.5575,10140800000,10.1408,-200243300000,-200.2433,-88699600000,-88.6996,-56755400000,-56.7554
2018-06-26,6,351058800000,351.0588,10510300000,10.5103,-213001200000,-213.0012,-98631700000,-98.6317,-49936200000,-49.9362
2018-07-03,6,375889500000,375.8895,21700100000,21.7001,-257506000000,-257.506,-91179700000,-91.1797,-48903900000,-48.9039
2018-07-10,6,376383800000,376.3838,8908500000,8.9085,-246635400000,-246.6354,-89488100000,-89.4881,-49168800000,-49.1688
2018-07-17,6,381240700000,381.2407,14520900000,14.5209,-252506800000,-252.5068,-95525300000,-95.5253,-47729500000,-47.7295
2018-07-24,6,376444300000,376.4443,13000800000,13.0008,-251510200000,-251.5102,-85008600000,-85.0086,-52926300000,-52.9263
2018-07-31,6,385198700000,385.1987,-9303900000,-9.3039,-245820200000,-245.8202,-74191200000,-74.1912,-55883400000,-55.8834
2018-08-07,6,400148700000,400.1487,-13547000000,-13.547,-241865700000,-241.8657,-93498800000,-93.4988,-51237200000,-51.2372
2018-08-14,6,425093600000,425.0936,-18878800000,-18.8788,-255597900000,-255.5979,-108193600000,-108.1936,-42423300000,-42.4233
2018-08-21,6,439365000000,439.365,-23345400000,-23.3454,-266990500000,-266.9905,-108392600000,-108.3926,-40636500000,-40.6365
2018-08-28,6,412169200000,412.1692,-24855900000,-24.8559,-253549400000,-253.5494,-104278400000,-104.2784,-29485500000,-29.4855
2018-09-04,6,432149100000,432.1491,-32075400000,-32.0754,-290019600000,-290.0196,-82201300000,-82.2013,-27852800000,-27.8528
2018-09-11,6,453200400000,453.2004,-32377200000,-32.3772,-314823900000,-314.8239,-75918800000,-75.9188,-30080500000,-30.0805
2018-09-18,6,439364400000,439.3644,-36407700000,-36.4077,-302442600000,-302.4426,-66358200000,-66.3582,-34155900000,-34.1559
2018-09-25,6,455978300000,455.9783,-16955000000,-16.955,-325405200000,-325.4052,-77257000000,-77.257,-36361100000,-36.3611
2018-10-02,6,463068800000,463.0688,-15228900000,-15.2289,-329685300000,-329.6853,-80823000000,-80.823,-37331600000,-37.3316
2018-10-09,6,472964700000,472.9647,-7346800000,-7.3468,-335008400000,-335.0084,-84911900000,-84.9119,-45697600000,-45.6976
2018-10-16,6,502623600000,502.6236,-8759100000,-8.7591,-353133400000,-353.1334,-100819000000,-100.819,-39912100000,-39.9121
2018-10-23,6,496955900000,496.9559,-8017800000,-8.0178,-348388700000,-348.3887,-102967300000,-102.9673,-37582100000,-37.5821
2018-10-30,6,538024000000,538.024,-2595100000,-2.5951,-372746400000,-372.7464,-129422900000,-129.4229,-33259600000,-33.2596
2018-11-06,6,514840200000,514.8402,21334700000,21.3347,-384667100000,-384.6671,-115863800000,-115.8638,-35644000000,-35.644
2018-11-13,6,525621600000,525.6216,26677900000,26.6779,-385942500000,-385.9425,-132887400000,-132.8874,-33469600000,-33.4696
2018-11-20,6,559038200000,559.0382,38158900000,38.1589,-426737200000,-426.7372,-138349800000,-138.3498,-32110100000,-32.1101
2018-11-27,6,555584300000,555.5843,16237200000,16.2372,-398583900000,-398.5839,-141244800000,-141.2448,-31992800000,-31.9928
2018-12-04,6,556648000000,556.648,13727000000,13.727,-414279400000,-414.2794,-131845100000,-131.8451,-24250500000,-24.2505
2018-12-11,6,566779200000,566.7792,-1857700000,-1.8577,-410682600000,-410.6826,-143889000000,-143.889,-10349900000,-10.3499
2018-12-18,6,584594600000,584.5946,-13934300000,-13.9343,-418111200000,-418.1112,-145966400000,-145.9664,-6582700000,-6.5827
2018-12-24,6,588584400000,588.5844,-16231300000,-16.2313,-419533500000,-419.5335,-148972400000,-148.9724,-3847200000,-3.8472
2018-12-31,6,597005200000,597.0052,-23119500000,-23.1195,-419130700000,-419.1307,-154701400000,-154.7014,-53600000,-0.0536
2019-01-08,6,542289000000,542.289,13423100000,13.4231,-417669800000,-417.6698,-143916800000,-143.9168,5874500000,5.8745
2019-01-15,6,552542700000,552.5427,17585500000,17.5855,-441072600000,-441.0726,-137872700000,-137.8727,8817100000,8.8171
2019-01-22,6,536207700000,536.2077,19749400000,19.7494,-436226100000,-436.2261,-126815800000,-126.8158,7084800000,7.0848
2019-01-29,6,562662700000,562.6627,21468200000,21.4682,-458701000000,-458.701,-136463500000,-136.4635,11033600000,11.0336
2019-02-05,6,569427600000,569.4276,13578600000,13.5786,-495005800000,-495.0058,-103852500000,-103.8525,15852100000,15.8521
2019-02-12,6,563222100000,563.2221,53845500000,53.8455,-523320100000,-523.3201,-113828100000,-113.8281,20080600000,20.0806
2019-02-19,6,560265000000,560.265,52755100000,52.7551,-520281900000,-520.2819,-110705200000,-110.7052,17967000000,17.967
2019-02-26,6,523611400000,523.6114,48568200000,48.5682,-493048400000,-493.0484,-98667000000,-98.667,19535800000,19.5358
2019-03-05,6,507676700000,507.6767,50864700000,50.8647,-494378900000,-494.3789,-87955300000,-87.9553,23792800000,23.7928
2019-03-12,6,510696800000,510.6968,52009000000,52.009,-494948000000,-494.948,-93572500000,-93.5725,25814700000,25.8147
2019-03-19,6,517884100000,517.8841,57481100000,57.4811,-514088800000,-514.0888,-93339700000,-93.3397,32063300000,32.0633
2019-03-26,6,531535700000,531.5357,62240300000,62.2403,-527831400000,-527.8314,-95891300000,-95.8913,29946700000,29.9467
2019-04-02,6,534752400000,534.7524,71230500000,71.2305,-539826900000,-539.8269,-93615600000,-93.6156,27459600000,27.4596
2019-04-09,6,534257800000,534.2578,77843500000,77.8435,-543972800000,-543.9728,-94822200000,-94.8222,26693700000,26.6937
2019-04-16,6,534941900000,534.9419,89390100000,89.3901,-549835500000,-549.8355,-95684400000,-95.6844,21187900000,21.1879
2019-04-23,6,539618000000,539.618,86356600000,86.3566,-542153800000,-542.1538,-104529000000,-104.529,20708200000,20.7082
2019-04-30,6,562444700000,562.4447,86809800000,86.8098,-564807300000,-564.8073,-107740500000,-107.7405,23293300000,23.2933
2019-05-07,6,583125600000,583.1256,91670100000,91.6701,-580045600000,-580.0456,-120253600000,-120.2536,25503500000,25.5035
2019-05-14,6,600082600000,600.0826,78932400000,78.9324,-600198800000,-600.1988,-108449700000,-108.4497,29633500000,29.6335
2019-05-21,6,586546700000,586.5467,67385800000,67.3858,-582574800000,-582.5748,-106332900000,-106.3329,34975200000,34.9752
2019-05-28,6,581419400000,581.4194,56491000000,56.491,-549345200000,-549.3452,-124778900000,-124.7789,36213700000,36.2137
2019-06-04,6,548171000000,548.171,70971200000,70.9712,-526390000000,-526.39,-120611100000,-120.6111,27858900000,27.8589
2019-06-11,6,544021000000,544.021,86573400000,86.5734,-548817100000,-548.8171,-113060300000,-113.0603,31283000000,31.283
2019-06-18,6,576023100000,576.0231,79318000000,79.318,-573510600000,-573.5106,-116943100000,-116.9431,35112600000,35.1126
2019-06-25,6,577752600000,577.7526,71922100000,71.9221,-580081400000,-580.0814,-104125600000,-104.1256,34532300000,34.5323
2019-07-02,6,591261000000,591.261,77542300000,77.5423,-576579500000,-576.5795,-124716600000,-124.7166,32492800000,32.4928
2019-07-09,6,572187700000,572.1877,73758000000,73.758,-575637800000,-575.6378,-107036600000,-107.0366,36728700000,36.7287
2019-07-16,6,570971400000,570.9714,79212200000,79.2122,-578572000000,-578.572,-110888000000,-110.888,39276400000,39.2764
2019-07-23,6,593706900000,593.7069,68224900000,68.2249,-587932500000,-587.9325,-114694200000,-114.6942,40694900000,40.6949
2019-07-30,6,599039800000,599.0398,71627300000,71.6273,-608754200000,-608.7542,-103623000000,-103.623,41710100000,41.7101
2019-08-06,6,603280900000,603.2809,80741800000,80.7418,-612128200000,-612.1282,-112488800000,-112.4888,40594300000,40.5943
2019-08-13,6,594087000000,594.087,72235200000,72.2352,-610337100000,-610.3371,-95515000000,-95.515,39529900000,39.5299
2019-08-20,6,584249400000,584.2494,81154600000,81.1546,-598688600000,-598.6886,-100295600000,-100.2956,33580200000,33.5802
2019-08-27,6,523300200000,523.3002,82075000000,82.075,-553034000000,-553.034,-76990500000,-76.9905,24649300000,24.6493
2019-09-03,6,498266400000,498.2664,83466400000,83.4664,-531165800000,-531.1658,-76730700000,-76.7307,26163700000,26.1637
2019-09-10,6,482500100000,482.5001,90633400000,90.6334,-525716000000,-525.716,-84627800000,-84.6278,37210300000,37.2103
2019-09-17,6,468600100000,468.6001,95098800000,95.0988,-497337400000,-497.3374,-94685400000,-94.6854,28323900000,28.3239
2019-09-24,6,459874800000,459.8748,100026800000,100.0268,-492966200000,-492.9662,-99216500000,-99.2165,32281100000,32.2811
2019-10-01,6,454872100000,454.8721,97118500000,97.1185,-484294500000,-484.2945,-106851100000,-106.8511,39155000000,39.155
2019-10-08,6,463229200000,463.2292,105859500000,105.8595,-502531600000,-502.5316,-105909800000,-105.9098,39352700000,39.3527
2019-10-15,6,467976100000,467.9761,101782300000,101.7823,-504517800000,-504.5178,-105330500000,-105.3305,40089900000,40.0899
2019-10-22,6,463772000000,463.772,101982100000,101.9821,-506532800000,-506.5328,-95315000000,-95.315,36093700000,36.0937
2019-10-29,6,489475400000,489.4754,84222300000,84.2223,-494858100000,-494.8581,-102570100000,-102.5701,23730500000,23.7305
2019-11-05,6,508608300000,508.6083,77451000000,77.451,-517610100000,-517.6101,-88615100000,-88.6151,20165900000,20.1659
2019-11-12,6,474104900000,474.1049,87368900000,87.3689,-488462200000,-488.4622,-86691400000,-86.6914,13679800000,13.6798
2019-11-19,6,470900100000,470.9001,74481400000,74.4814,-477634100000,-477.6341,-87690400000,-87.6904,19943000000,19.943
2019-11-26,6,469198200000,469.1982,74535900000,74.5359,-462582500000,-462.5825,-89403700000,-89.4037,8252100000,8.2521
2019-12-03,6,460370700000,460.3707,74684600000,74.6846,-474956300000,-474.9563,-77344700000,-77.3447,17245700000,17.2457
2019-12-10,6,444629000000,444.629,76205900000,76.2059,-456015600000,-456.0156,-81054800000,-81.0548,16235500000,16.2355
2019-12-17,6,473816700000,473.8167,66714500000,66.7145,-464073100000,-464.0731,-93625600000,-93.6256,17167500000,17.1675
2019-12-24,6,465146500000,465.1465,61843300000,61.8433,-442771900000,-442.7719,-98944700000,-98.9447,14726800000,14.7268
2019-12-31,6,477499200000,477.4992,54437300000,54.4373,-439239000000,-439.239,-104224500000,-104.2245,11527000000,11.527
2020-01-07,6,490247100000,490.2471,44975200000,44.9752,-455545700000,-455.5457,-102551700000,-102.5517,22875100000,22.8751
2020-01-14,6,481435400000,481.4354,48450400000,48.4504,-444530900000,-444.5309,-107563700000,-107.5637,22208800000,22.2088
2020-01-21,6,472293200000,472.2932,46278000000,46.278,-441560200000,-441.5602,-100285000000,-100.285,23274000000,23.274
2020-01-28,6,469595900000,469.5959,53198700000,53.1987,-446408400000,-446.4084,-103046900000,-103.0469,26660700000,26.6607
2020-02-04,6,444679900000,444.6799,64258300000,64.2583,-446351500000,-446.3515,-90795300000,-90.7953,28208600000,28.2086
2020-02-11,6,448135700000,448.1357,68443300000,68.4433,-466751400000,-466.7514,-76738700000,-76.7387,26911100000,26.9111
2020-02-18,6,462148800000,462.1488,64968400000,64.9684,-474529800000,-474.5298,-85684100000,-85.6841,33096700000,33.0967
2020-02-25,6,465172700000,465.1727,50578900000,50.5789,-434177000000,-434.177,-95664700000,-95.6647,14090100000,14.0901
2020-03-03,6,487929400000,487.9294,30124300000,30.1243,-437542100000,-437.5421,-113560000000,-113.56,33048400000,33.0484
2020-03-10,6,464464200000,464.4642,37673100000,37.6731,-384487800000,-384.4878,-154613600000,-154.6136,36964100000,36.9641
2020-03-17,6,485015800000,485.0158,39984000000,39.984,-375986500000,-375.9865,-170336700000,-170.3367,21323400000,21.3234
2020-03-24,6,452684400000,452.6844,42527800000,42.5278,-353906100000,-353.9061,-154845500000,-154.8455,13539400000,13.5394
2020-03-31,6,406906700000,406.9067,41729000000,41.729,-343014100000,-343.0141,-127303300000,-127.3033,21681700000,21.6817
2020-04-07,6,372516600000,372.5166,39258800000,39.2588,-305942400000,-305.9424,-121749800000,-121.7498,15916800000,15.9168
2020-04-14,6,364704600000,364.7046,39630000000,39.63,-303426600000,-303.4266,-119014800000,-119.0148,18106800000,18.1068
2020-04-21,6,354444100000,354.4441,41137400000,41.1374,-314028800000,-314.0288,-103987700000,-103.9877,22435000000,22.435
2020-04-28,6,337418400000,337.4184,38607400000,38.6074,-311809900000,-311.8099,-84480000000,-84.48,20264100000,20.2641
2020-05-05,6,329283200000,329.2832,37808900000,37.8089,-316799500000,-316.7995,-71333500000,-71.3335,21040900000,21.0409
2020-05-12,6,325215400000,325.2154,38093500000,38.0935,-322796100000,-322.7961,-64235700000,-64.2357,23722900000,23.7229
2020-05-19,6,343138700000,343.1387,21060200000,21.0602,-309465200000,-309.4652,-73225400000,-73.2254,18491700000,18.4917
2020-05-26,6,331965600000,331.9656,34830800000,34.8308,-284443200000,-284.4432,-96701100000,-96.7011,14347900000,14.3479
2020-06-02,6,330297500000,330.2975,44539400000,44.5394,-294282800000,-294.2828,-97520500000,-97.5205,16966400000,16.9664
2020-06-09,6,326121700000,326.1217,47128900000,47.1289,-281553800000,-281.5538,-88173100000,-88.1731,-3523700000,-3.5237
2020-06-16,6,334003400000,334.0034,49845900000,49.8459,-300582400000,-300.5824,-103014600000,-103.0146,19747700000,19.7477
2020-06-23,6,339104600000,339.1046,51259200000,51.2592,-306562700000,-306.5627,-102152600000,-102.1526,18351500000,18.3515
2020-06-30,6,344892800000,344.8928,53433400000,53.4334,-323922700000,-323.9227,-95556200000,-95.5562,21152700000,21.1527
2020-07-07,6,339297600000,339.2976,54059600000,54.0596,-320260400000,-320.2604,-95149200000,-95.1492,22052400000,22.0524
2020-07-14,6,337372500000,337.3725,54186800000,54.1868,-323187100000,-323.1871,-95789000000,-95.789,27416800000,27.4168
2020-07-21,6,324830100000,324.8301,57033700000,57.0337,-322066400000,-322.0664,-85459900000,-85.4599,25662500000,25.6625
2020-07-28,6,315584600000,315.5846,59330800000,59.3308,-319962900000,-319.9629,-83495900000,-83.4959,28543400000,28.5434
2020-08-04,6,313537600000,313.5376,61029700000,61.0297,-332217300000,-332.2173,-69776800000,-69.7768,27426800000,27.4268
2020-08-11,6,303303700000,303.3037,65492700000,65.4927,-328274300000,-328.2743,-65581700000,-65.5817,25059600000,25.0596
2020-08-18,6,289539400000,289.5394,65084000000,65.084,-308607000000,-308.607,-70309200000,-70.3092,24292800000,24.2928
2020-08-25,6,279926800000,279.9268,68723700000,68.7237,-292934200000,-292.9342,-76737300000,-76.7373,21021000000,21.021
2020-09-01,6,268741200000,268.7412,67067600000,67.0676,-292485900000,-292.4859,-55348300000,-55.3483,12025400000,12.0254
2020-09-08,6,277118500000,277.1185,65528600000,65.5286,-303338900000,-303.3389,-55467000000,-55.467,16158800000,16.1588
2020-09-15,6,287340500000,287.3405,64260600000,64.2606,-316319200000,-316.3192,-60448000000,-60.448,25166100000,25.1661
2020-09-22,6,280933000000,280.933,70548600000,70.5486,-304396000000,-304.396,-73713800000,-73.7138,26628200000,26.6282
2020-09-29,6,285563500000,285.5635,73991100000,73.9911,-300507200000,-300.5072,-84053200000,-84.0532,25005800000,25.0058
2020-10-06,6,255340700000,255.3407,72413500000,72.4135,-298613300000,-298.6133,-45825100000,-45.8251,16684200000,16.6842
2020-10-13,6,258346800000,258.3468,71505100000,71.5051,-285917200000,-285.9172,-64231800000,-64.2318,20297100000,20.2971
2020-10-20,6,261041300000,261.0413,69895800000,69.8958,-287585200000,-287.5852,-61573400000,-61.5734,18221500000,18.2215
2020-10-27,6,260489000000,260.489,67244500000,67.2445,-276651400000,-276.6514,-63445200000,-63.4452,12363100000,12.3631
2020-11-03,6,266025700000,266.0257,69114700000,69.1147,-282983300000,-282.9833,-61090800000,-61.0908,8933700000,8.9337
2020-11-10,6,244568100000,244.5681,64217900000,64.2179,-245945000000,-245.945,-62986700000,-62.9867,145700000,0.1457
2020-11-17,6,242579000000,242.579,63868600000,63.8686,-233203200000,-233.2032,-74351600000,-74.3516,1107200000,1.1072
2020-11-24,6,239746800000,239.7468,62892500000,62.8925,-227195900000,-227.1959,-80299300000,-80.2993,4855900000,4.8559
2020-12-01,6,239058100000,239.0581,62140900000,62.1409,-245073100000,-245.0731,-52220200000,-52.2202,-3905700000,-3.9057
2020-12-08,6,238379500000,238.3795,60926300000,60.9263,-235644900000,-235.6449,-64490200000,-64.4902,829300000,0.8293
2020-12-15,6,240836900000,240.8369,59731100000,59.7311,-238525600000,-238.5256,-65140900000,-65.1409,3098500000,3.0985
2020-12-21,6,247726400000,247.7264,62772100000,62.7721,-236278500000,-236.2785,-74629100000,-74.6291,409100000,0.4091
2020-12-29,6,253046300000,253.0463,68997500000,68.9975,-252424500000,-252.4245,-73589200000,-73.5892,3969900000,3.9699
2021-01-05,6,260328900000,260.3289,73533700000,73.5337,-279370300000,-279.3703,-53702200000,-53.7022,-790100000,-0.7901
2021-01-12,6,229571200000,229.5712,76128700000,76.1287,-246331200000,-246.3312,-46979700000,-46.9797,-12389000000,-12.389
2021-01-19,6,232744600000,232.7446,72245000000,72.245,-234540400000,-234.5404,-57505600000,-57.5056,-12943600000,-12.9436
2021-01-26,6,255908500000,255.9085,64176800000,64.1768,-241944400000,-241.9444,-66506400000,-66.5064,-11634500000,-11.6345
2021-02-02,6,264382900000,264.3829,64225100000,64.2251,-241815800000,-241.8158,-68850900000,-68.8509,-17941300000,-17.9413
2021-02-09,6,220184200000,220.1842,63025000000,63.025,-205600400000,-205.6004,-59638700000,-59.6387,-17970100000,-17.9701
2021-02-16,6,214374800000,214.3748,64693000000,64.693,-177023600000,-177.0236,-78253200000,-78.2532,-23791000000,-23.791
2021-02-23,6,221536100000,221.5361,67291200000,67.2912,-166038400000,-166.0384,-94426200000,-94.4262,-28362700000,-28.3627
2021-03-02,6,203379900000,203.3799,49568100000,49.5681,-154140200000,-154.1402,-62268000000,-62.268,-36539800000,-36.5398
2021-03-09,6,187837400000,187.8374,42303100000,42.3031,-165546400000,-165.5464,-23813200000,-23.8132,-40780900000,-40.7809
2021-03-16,6,176758400000,176.7584,47392900000,47.3929,-138541600000,-138.5416,-37874300000,-37.8743,-47735400000,-47.7354
2021-03-23,6,190552600000,190.5526,38677000000,38.677,-156070800000,-156.0708,-31440600000,-31.4406,-41718200000,-41.7182
2021-03-30,6,212817300000,212.8173,34848900000,34.8489,-175359000000,-175.359,-30457900000,-30.4579,-41849300000,-41.8493
2021-04-06,6,201878600000,201.8786,34137700000,34.1377,-157271900000,-157.2719,-27591500000,-27.5915,-51152900000,-51.1529
2021-04-13,6,208063900000,208.0639,24034100000,24.0341,-156982400000,-156.9824,-27153100000,-27.1531,-47962500000,-47.9625
2021-04-20,6,206655600000,206.6556,15294300000,15.2943,-138181000000,-138.181,-31827800000,-31.8278,-51941100000,-51.9411
2021-04-27,6,213651200000,213.6512,16373200000,16.3732,-147196300000,-147.1963,-31879000000,-31.879,-50949100000,-50.9491
2021-05-04,6,218228900000,218.2289,-3153500000,-3.1535,-137521800000,-137.5218,-29371800000,-29.3718,-48181800000,-48.1818
2021-05-11,6,216291000000,216.291,-2429500000,-2.4295,-142261200000,-142.2612,-19191000000,-19.191,-52409300000,-52.4093
2021-05-18,6,208738700000,208.7387,16927700000,16.9277,-147557400000,-147.5574,-27579700000,-27.5797,-50529300000,-50.5293
2021-05-25,6,205664000000,205.664,12110300000,12.1103,-140363100000,-140.3631,-24780000000,-24.78,-52631200000,-52.6312
2021-06-01,6,212592800000,212.5928,5410100000,5.4101,-145698100000,-145.6981,-20124300000,-20.1243,-52180500000,-52.1805
2021-06-08,6,219673500000,219.6735,5560700000,5.5607,-135637200000,-135.6372,-40376100000,-40.3761,-49220900000,-49.2209
2021-06-15,6,223130200000,223.1302,18201000000,18.201,-159731000000,-159.731,-37480400000,-37.4804,-44119800000,-44.1198
2021-06-22,6,199933500000,199.9335,476900000,0.4769,-113404500000,-113.4045,-31892900000,-31.8929,-55113000000,-55.113
2021-06-29,6,188501500000,188.5015,-11898300000,-11.8983,-85569100000,-85.5691,-34132200000,-34.1322,-56901900000,-56.9019
2021-07-06,6,187316500000,187.3165,-8942400000,-8.9424,-77182100000,-77.1821,-45209800000,-45.2098,-55982200000,-55.9822
2021-07-13,6,194506700000,194.5067,894700000,0.8947,-95655000000,-95.655,-48789800000,-48.7898,-50956600000,-50.9566
2021-07-20,6,200597600000,200.5976,5009000000,5.009,-91519400000,-91.5194,-62707700000,-62.7077,-51379500000,-51.3795
2021-07-27,6,195016900000,195.0169,6523900000,6.5239,-101069100000,-101.0691,-56557000000,-56.557,-43914700000,-43.9147
2021-08-03,6,201239200000,201.2392,1513000000,1.513,-101359000000,-101.359,-60014000000,-60.014,-41379200000,-41.3792
2021-08-10,6,188119400000,188.1194,8271900000,8.2719,-100647500000,-100.6475,-49698100000,-49.6981,-46045700000,-46.0457
2021-08-17,6,188743300000,188.7433,9449400000,9.4494,-93253100000,-93.2531,-59348500000,-59.3485,-45591100000,-45.5911
2021-08-24,6,199164700000,199.1647,7946800000,7.9468,-116808100000,-116.8081,-46436800000,-46.4368,-43866600000,-43.8666
2021-08-31,6,213650200000,213.6502,-7176100000,-7.1761,-115971700000,-115.9717,-39653500000,-39.6535,-50848900000,-50.8489
2021-09-07,6,218632700000,218.6327,4147500000,4.1475,-133610000000,-133.61,-37266400000,-37.2664,-51903800000,-51.9038
2021-09-14,6,220199700000,220.1997,1966700000,1.9667,-132164700000,-132.1647,-45204500000,-45.2045,-44797200000,-44.7972
2021-09-21,6,209571700000,209.5717,-2987300000,-2.9873,-116811600000,-116.8116,-44356300000,-44.3563,-45416500000,-45.4165
2021-09-28,6,169044100000,169.0441,2982900000,2.9829,-89461000000,-89.461,-23318900000,-23.3189,-59247100000,-59.2471
2021-10-05,6,176782000000,176.782,-7807400000,-7.8074,-59892500000,-59.8925,-30375100000,-30.3751,-78707000000,-78.707
2021-10-12,6,140936300000,140.9363,-16627700000,-16.6277,-20992300000,-20.9923,-24173900000,-24.1739,-79142400000,-79.1424
2021-10-19,6,120210800000,120.2108,-15877800000,-15.8778,6691600000,6.6916,-25706700000,-25.7067,-85317900000,-85.3179
2021-10-26,6,125384700000,125.3847,-15531900000,-15.5319,4762400000,4.7624,-30562000000,-30.562,-84053200000,-84.0532
2021-11-02,6,119779200000,119.7792,-17710100000,-17.7101,18126700000,18.1267,-34420000000,-34.42,-85775800000,-85.7758
2021-11-09,6,127383600000,127.3836,-19678500000,-19.6785,13584300000,13.5843,-41846100000,-41.8461,-79443300000,-79.4433
2021-11-16,6,109365800000,109.3658,-19687300000,-19.6873,30434200000,30.4342,-39635900000,-39.6359,-80476800000,-80.4768
2021-11-23,6,141655200000,141.6552,-23056100000,-23.0561,17813200000,17.8132,-48986600000,-48.9866,-87425700000,-87.4257
2021-11-30,6,187249700000,187.2497,-25998600000,-25.9986,-42064800000,-42.0648,-44826400000,-44.8264,-74359900000,-74.3599
2021-12-07,6,178855800000,178.8558,-26121300000,-26.1213,-38429000000,-38.429,-39284500000,-39.2845,-75021000000,-75.021
2021-12-14,6,169333100000,169.3331,-31268300000,-31.2683,-25745000000,-25.745,-38970100000,-38.9701,-73349700000,-73.3497
2021-12-21,6,195476700000,195.4767,-31926200000,-31.9262,-45645600000,-45.6456,-46311500000,-46.3115,-71593400000,-71.5934
2021-12-28,6,192657200000,192.6572,-17887600000,-17.8876,-58046500000,-58.0465,-46935400000,-46.9354,-69787700000,-69.7877
2022-01-04,6,197678900000,197.6789,-33070900000,-33.0709,-51804600000,-51.8046,-37732400000,-37.7324,-75071000000,-75.071
2022-01-11,6,198906200000,198.9062,-42864200000,-42.8642,-34747800000,-34.7478,-38141300000,-38.1413,-83152900000,-83.1529
2022-01-18,6,200523600000,200.5236,-54416000000,-54.416,-20460700000,-20.4607,-43981800000,-43.9818,-81665100000,-81.6651
2022-01-25,6,217379800000,217.3798,-38394700000,-38.3947,-43175500000,-43.1755,-57550800000,-57.5508,-78258800000,-78.2588
2022-02-01,6,223359500000,223.3595,-50611500000,-50.6115,-24717700000,-24.7177,-53172200000,-53.1722,-94858100000,-94.8581
2022-02-08,6,214400200000,214.4002,-58161400000,-58.1614,-26374300000,-26.3743,-44956300000,-44.9563,-84908200000,-84.9082
2022-02-15,6,228370700000,228.3707,-65553100000,-65.5531,-61354000000,-61.354,-25650900000,-25.6509,-75812700000,-75.8127
2022-02-22,6,256184200000,256.1842,-57314600000,-57.3146,-97394900000,-97.3949,-29593100000,-29.5931,-71881600000,-71.8816
2022-03-01,6,249395600000,249.3956,-52196100000,-52.1961,-99353700000,-99.3537,-28042900000,-28.0429,-69802900000,-69.8029
2022-03-08,6,276936200000,276.9362,-34393800000,-34.3938,-138021200000,-138.0212,-32221400000,-32.2214,-72299800000,-72.2998
2022-03-15,6,223925500000,223.9255,-28150400000,-28.1504,-108165600000,-108.1656,-19762600000,-19.7626,-67846900000,-67.8469
2022-03-22,6,196812400000,196.8124,-29535700000,-29.5357,-70158700000,-70.1587,-25680900000,-25.6809,-71437100000,-71.4371
2022-03-29,6,211758800000,211.7588,-13703300000,-13.7033,-90726600000,-90.7266,-33893000000,-33.893,-73435900000,-73.4359
2022-04-05,6,207341400000,207.3414,-32754300000,-32.7543,-74102200000,-74.1022,-25990400000,-25.9904,-74494500000,-74.4945
2022-04-12,6,244339400000,244.3394,-45078500000,-45.0785,-81521000000,-81.521,-50767600000,-50.7676,-66972300000,-66.9723
2022-04-19,6,268144900000,268.1449,-56660200000,-56.6602,-94339700000,-94.3397,-48716000000,-48.716,-68429000000,-68.429
2022-04-26,6,290721200000,290.7212,-43422000000,-43.422,-105853400000,-105.8534,-73114500000,-73.1145,-68331300000,-68.3313
2022-05-03,6,311365900000,311.3659,-40675000000,-40.675,-118085700000,-118.0857,-82351700000,-82.3517,-70253500000,-70.2535
2022-05-10,6,321281500000,321.2815,-59564600000,-59.5646,-108887200000,-108.8872,-91821800000,-91.8218,-61007900000,-61.0079
2022-05-17,6,335292300000,335.2923,-67847700000,-67.8477,-113818900000,-113.8189,-98122400000,-98.1224,-55503300000,-55.5033
2022-05-24,6,332512200000,332.5122,-66965000000,-66.965,-107265300000,-107.2653,-100409100000,-100.4091,-57872800000,-57.8728
2022-05-31,6,330003800000,330.0038,-51357300000,-51.3573,-126376200000,-126.3762,-96596800000,-96.5968,-55673500000,-55.6735
2022-06-07,6,327381400000,327.3814,-52820200000,-52.8202,-135937500000,-135.9375,-84345400000,-84.3454,-54278300000,-54.2783
2022-06-14,6,307495700000,307.4957,-48614100000,-48.6141,-105648600000,-105.6486,-92963400000,-92.9634,-60269600000,-60.2696
2022-06-21,6,285557000000,285.557,-50667400000,-50.6674,-63207200000,-63.2072,-104254800000,-104.2548,-67427600000,-67.4276
2022-06-28,6,313425400000,313.4254,-56165300000,-56.1653,-74863200000,-74.8632,-122647700000,-122.6477,-59749200000,-59.7492
2022-07-05,6,338157800000,338.1578,-53130700000,-53.1307,-91855700000,-91.8557,-139359200000,-139.3592,-53812200000,-53.8122
2022-07-12,6,339611400000,339.6114,-58251100000,-58.2511,-90952900000,-90.9529,-139926700000,-139.9267,-50480700000,-50.4807
2022-07-19,6,342031600000,342.0316,-43600100000,-43.6001,-114131200000,-114.1312,-142223800000,-142.2238,-42076500000,-42.0765
2022-07-26,6,365913300000,365.9133,-45946200000,-45.9462,-139846000000,-139.846,-140485300000,-140.4853,-39635800000,-39.6358
2022-08-02,6,374154700000,374.1547,-34853400000,-34.8534,-188488400000,-188.4884,-110060900000,-110.0609,-40752000000,-40.752
2022-08-09,6,373077900000,373.0779,-18010400000,-18.0104,-205552600000,-205.5526,-110568800000,-110.5688,-38946100000,-38.9461
2022-08-16,6,382674900000,382.6749,-17368400000,-17.3684,-222072000000,-222.072,-103449900000,-103.4499,-39784600000,-39.7846
2022-08-23,6,375613900000,375.6139,-9860200000,-9.8602,-209995200000,-209.9952,-114220000000,-114.22,-41538500000,-41.5385
2022-08-30,6,368874400000,368.8744,-2617500000,-2.6175,-227703400000,-227.7034,-95800900000,-95.8009,-42752600000,-42.7526
2022-09-06,6,375083600000,375.0836,-8221000000,-8.221,-213583200000,-213.5832,-102323600000,-102.3236,-50955800000,-50.9558
2022-09-13,6,397272700000,397.2727,-7359600000,-7.3596,-238508000000,-238.508,-104913600000,-104.9136,-46491500000,-46.4915
2022-09-20,6,374678300000,374.6783,-7602700000,-7.6027,-215052800000,-215.0528,-100288800000,-100.2888,-51734000000,-51.734
2022-09-27,6,393963100000,393.9631,-7080600000,-7.0806,-240290400000,-240.2904,-105709900000,-105.7099,-40882200000,-40.8822
2022-10-04,6,424138100000,424.1381,-4303800000,-4.3038,-269631800000,-269.6318,-112236600000,-112.2366,-37965900000,-37.9659
2022-10-11,6,443270500000,443.2705,12812600000,12.8126,-287645200000,-287.6452,-130263700000,-130.2637,-38174200000,-38.1742
2022-10-18,6,461087600000,461.0876,11513400000,11.5134,-306445900000,-306.4459,-137022200000,-137.0222,-29132900000,-29.1329
2022-10-25,6,486770100000,486.7701,10870300000,10.8703,-324550300000,-324.5503,-144699000000,-144.699,-28391100000,-28.3911
2022-11-01,6,512477200000,512.4772,16732000000,16.732,-384160000000,-384.16,-126412000000,-126.412,-18637200000,-18.6372
2022-11-08,6,500776900000,500.7769,32033900000,32.0339,-367091700000,-367.0917,-144341500000,-144.3415,-21377600000,-21.3776
2022-11-15,6,507440000000,507.44,24050000000,24.05,-386761100000,-386.7611,-125636600000,-125.6366,-19092300000,-19.0923
2022-11-22,6,516471700000,516.4717,31790700000,31.7907,-407701400000,-407.7014,-125773400000,-125.7734,-14787600000,-14.7876
2022-11-29,6,500204600000,500.2046,32897600000,32.8976,-400224300000,-400.2243,-120883600000,-120.8836,-11994300000,-11.9943
2022-12-06,6,505310700000,505.3107,27087200000,27.0872,-399173100000,-399.1731,-111193300000,-111.1933,-22031500000,-22.0315
2022-12-13,6,518128300000,518.1283,29414400000,29.4144,-414670200000,-414.6702,-115626200000,-115.6262,-17246300000,-17.2463
2022-12-20,6,537944600000,537.9446,26271200000,26.2712,-419600000000,-419.6,-127570700000,-127.5707,-17045100000,-17.0451
2022-12-27,6,537630600000,537.6306,29427700000,29.4277,-433532800000,-433.5328,-120852600000,-120.8526,-12672900000,-12.6729
2023-01-03,6,528954600000,528.9546,38204400000,38.2044,-427135300000,-427.1353,-123306700000,-123.3067,-16717000000,-16.717
2023-01-10,6,510543300000,510.5433,20669600000,20.6696,-383238600000,-383.2386,-134084200000,-134.0842,-13890100000,-13.8901
2023-01-17,6,537680800000,537.6808,13303000000,13.303,-408012900000,-408.0129,-133772900000,-133.7729,-9198000000,-9.198
2023-01-24,6,520799400000,520.7994,18970000000,18.97,-408180200000,-408.1802,-130747100000,-130.7471,-842100000,-0.8421
2023-01-31,6,525507600000,525.5076,29901100000,29.9011,-436402400000,-436.4024,-114559300000,-114.5593,-4447000000,-4.447
2023-02-07,6,497869800000,497.8698,57070800000,57.0708,-453764700000,-453.7647,-102570100000,-102.5701,1394200000,1.3942
2023-02-14,6,500993900000,500.9939,60311600000,60.3116,-448656400000,-448.6564,-105475100000,-105.4751,-7174000000,-7.174
2023-02-21,6,492802400000,492.8024,44857500000,44.8575,-422822300000,-422.8223,-109113600000,-109.1136,-5724000000,-5.724
2023-02-28,6,500475000000,500.475,47517600000,47.5176,-413325000000,-413.325,-117111600000,-117.1116,-17556000000,-17.556
2023-03-07,6,509863700000,509.8637,56675200000,56.6752,-422317400000,-422.3174,-120790700000,-120.7907,-23430800000,-23.4308
2023-03-14,6,483352200000,483.3522,37354400000,37.3544,-384657200000,-384.6572,-136812800000,-136.8128,763400000,0.7634
2023-03-21,6,492347800000,492.3478,29437000000,29.437,-390020300000,-390.0203,-144135100000,-144.1351,12370600000,12.3706
2023-03-28,6,496742700000,496.7427,38460500000,38.4605,-405496600000,-405.4966,-147568700000,-147.5687,17862100000,17.8621
2023-04-04,6,526239100000,526.2391,29840300000,29.8403,-417672400000,-417.6724,-145977100000,-145.9771,7570100000,7.5701
2023-04-11,6,527951700000,527.9517,62446100000,62.4461,-465061800000,-465.0618,-141204700000,-141.2047,15868700000,15.8687
2023-04-18,6,543617400000,543.6174,67375000000,67.375,-492283500000,-492.2835,-141717400000,-141.7174,23008500000,23.0085
2023-04-25,6,562343600000,562.3436,61855000000,61.855,-506203700000,-506.2037,-142886500000,-142.8865,24891600000,24.8916
2023-05-02,6,601469400000,601.4694,74623400000,74.6234,-555629700000,-555.6297,-145183300000,-145.1833,24720200000,24.7202
2023-05-09,6,603879600000,603.8796,98209800000,98.2098,-584721800000,-584.7218,-149746100000,-149.7461,32378500000,32.3785
2023-05-16,6,609040600000,609.0406,110333400000,110.3334,-618919100000,-618.9191,-138018300000,-138.0183,37563400000,37.5634
2023-05-23,6,612072900000,612.0729,110517200000,110.5172,-616133500000,-616.1335,-140639000000,-140.639,34182400000,34.1824
2023-05-30,6,610471200000,610.4712,108867200000,108.8672,-618977300000,-618.9773,-137183800000,-137.1838,36822700000,36.8227
2023-06-06,6,606654300000,606.6543,127933900000,127.9339,-644216900000,-644.2169,-118059800000,-118.0598,27688500000,27.6885
2023-06-13,6,623714300000,623.7143,114548700000,114.5487,-645622700000,-645.6227,-121520500000,-121.5205,28880200000,28.8802
2023-06-20,6,637928000000,637.928,111145200000,111.1452,-647464300000,-647.4643,-131924600000,-131.9246,30315700000,30.3157
2023-06-27,6,647959600000,647.9596,110444600000,110.4446,-664212600000,-664.2126,-128196600000,-128.1966,34005000000,34.005
2023-07-03,6,648751200000,648.7512,123745500000,123.7455,-671748100000,-671.7481,-127903400000,-127.9034,27154800000,27.1548
2023-07-11,6,635225700000,635.2257,136822600000,136.8226,-659326900000,-659.3269,-135672800000,-135.6728,22951400000,22.9514
2023-07-18,6,664085000000,664.085,115697300000,115.6973,-677359800000,-677.3598,-129030600000,-129.0306,26608100000,26.6081
2023-07-25,6,670454300000,670.4543,120646300000,120.6463,-691896300000,-691.8963,-126395100000,-126.3951,27190800000,27.1908
2023-08-01,6,682941200000,682.9412,124844000000,124.844,-712668500000,-712.6685,-119843900000,-119.8439,24727200000,24.7272
2023-08-08,6,676584600000,676.5846,121317800000,121.3178,-694793300000,-694.7933,-127809800000,-127.8098,24700700000,24.7007
2023-08-15,6,696661800000,696.6618,119459500000,119.4595,-702320700000,-702.3207,-148415100000,-148.4151,34614500000,34.6145
2023-08-22,6,699826700000,699.8267,129246100000,129.2461,-715276000000,-715.276,-146641600000,-146.6416,32844800000,32.8448
2023-08-29,6,696423500000,696.4235,126574600000,126.5746,-697385200000,-697.3852,-160777300000,-160.7773,35164400000,35.1644
2023-09-05,6,691526300000,691.5263,127671500000,127.6715,-704298700000,-704.2987,-143893700000,-143.8937,28994600000,28.9946
2023-09-12,6,686701000000,686.701,129842100000,129.8421,-695866100000,-695.8661,-151523600000,-151.5236,30846600000,30.8466
2023-09-19,6,677244900000,677.2449,139595100000,139.5951,-696613100000,-696.6131,-151921400000,-151.9214,31694500000,31.6945
2023-09-26,6,687423200000,687.4232,144950400000,144.9504,-703727400000,-703.7274,-167763900000,-167.7639,39117700000,39.1177
2023-10-03,6,708503900000,708.5039,132654200000,132.6542,-724358600000,-724.3586,-159669500000,-159.6695,42870000000,42.87
2023-10-10,6,716481000000,716.481,124032400000,124.0324,-722578300000,-722.5783,-156366700000,-156.3667,38431600000,38.4316
2023-10-17,6,731957300000,731.9573,130092500000,130.0925,-760065300000,-760.0653,-147884800000,-147.8848,45900300000,45.9003
2023-10-24,6,738668200000,738.6682,129274700000,129.2747,-754315800000,-754.3158,-156231200000,-156.2312,42604100000,42.6041
2023-10-31,6,774568200000,774.5682,127300700000,127.3007,-795371900000,-795.3719,-154056100000,-154.0561,47559100000,47.5591
2023-11-07,6,781096700000,781.0967,133636500000,133.6365,-819806400000,-819.8064,-141384900000,-141.3849,46458100000,46.4581
2023-11-14,6,754580900000,754.5809,146722300000,146.7223,-799826500000,-799.8265,-151257100000,-151.2571,49780400000,49.7804
2023-11-21,6,743545800000,743.5458,149063900000,149.0639,-804181500000,-804.1815,-137085800000,-137.0858,48657600000,48.6576
2023-11-28,6,735978800000,735.9788,140631300000,140.6313,-766242000000,-766.242,-158969100000,-158.9691,48601000000,48.601
2023-12-05,6,751675400000,751.6754,132444500000,132.4445,-794202200000,-794.2022,-137100700000,-137.1007,47183000000,47.183
2023-12-12,6,713816700000,713.8167,158478900000,158.4789,-770182500000,-770.1825,-144779800000,-144.7798,42666700000,42.6667
2023-12-19,6,714676200000,714.6762,156399400000,156.3994,-765783100000,-765.7831,-149819100000,-149.8191,44526600000,44.5266
2023-12-26,6,722356800000,722.3568,144576400000,144.5764,-773643800000,-773.6438,-146468300000,-146.4683,53178900000,53.1789
2024-01-02,6,737557000000,737.557,159190400000,159.1904,-781813300000,-781.8133,-157108600000,-157.1086,42174500000,42.1745
2024-01-09,6,727910000000,727.91,155006900000,155.0069,-760408400000,-760.4084,-171695200000,-171.6952,49186700000,49.1867
2024-01-16,6,734293600000,734.2936,152438900000,152.4389,-754972800000,-754.9728,-176121500000,-176.1215,44361800000,44.3618
2024-01-23,6,729641200000,729.6412,167475300000,167.4753,-756921600000,-756.9216,-185476700000,-185.4767,45281800000,45.2818
2024-01-30,6,742157500000,742.1575,170092100000,170.0921,-782894000000,-782.894,-174484700000,-174.4847,45129100000,45.1291
2024-02-06,6,733689400000,733.6894,175731300000,175.7313,-783203000000,-783.203,-169156800000,-169.1568,42939100000,42.9391
2024-02-13,6,700783300000,700.7833,184762200000,184.7622,-757921000000,-757.921,-171753000000,-171.753,44128500000,44.1285
2024-02-20,6,702584400000,702.5844,188774400000,188.7744,-735467200000,-735.4672,-195289600000,-195.2896,39398000000,39.398
2024-02-27,6,676630000000,676.63,180867300000,180.8673,-715329600000,-715.3296,-188314600000,-188.3146,46146900000,46.1469
2024-03-05,6,669278800000,669.2788,165605100000,165.6051,-716448200000,-716.4482,-156301100000,-156.3011,37865400000,37.8654
2024-03-12,6,654587900000,654.5879,184065600000,184.0656,-710623800000,-710.6238,-167194700000,-167.1947,39165000000,39.165
2024-03-19,6,644355900000,644.3559,183580000000,183.58,-686952300000,-686.9523,-175186800000,-175.1868,34203200000,34.2032
2024-03-26,6,639926500000,639.9265,177294900000,177.2949,-683959100000,-683.9591,-173401300000,-173.4013,40139000000,40.139
2024-04-02,6,677192100000,677.1921,179905500000,179.9055,-715231400000,-715.2314,-174858100000,-174.8581,32991900000,32.9919
2024-04-09,6,665506300000,665.5063,188944000000,188.944,-707542600000,-707.5426,-175954100000,-175.9541,29046400000,29.0464
2024-04-16,6,807565000000,807.565,168866800000,168.8668,-806796600000,-806.7966,-205819900000,-205.8199,36184700000,36.1847
2024-04-23,6,826585200000,826.5852,161735400000,161.7354,-819190800000,-819.1908,-201088700000,-201.0887,31958900000,31.9589
2024-04-30,6,847936500000,847.9365,171645900000,171.6459,-851999000000,-851.999,-196500900000,-196.5009,28917500000,28.9175
2024-05-07,6,851085300000,851.0853,168624900000,168.6249,-866070900000,-866.0709,-190907300000,-190.9073,37268000000,37.268
2024-05-14,6,868169800000,868.1698,171083100000,171.0831,-865108200000,-865.1082,-206779600000,-206.7796,32634900000,32.6349
2024-05-21,6,852873400000,852.8734,173166400000,173.1664,-884270900000,-884.2709,-176984900000,-176.9849,35216000000,35.216
2024-05-28,6,829976600000,829.9766,172911000000,172.911,-862568000000,-862.568,-178729500000,-178.7295,38409900000,38.4099
2024-06-04,6,835258100000,835.2581,186971500000,186.9715,-887569800000,-887.5698,-175552400000,-175.5524,40892600000,40.8926
2024-06-11,6,867959400000,867.9594,178153900000,178.1539,-892880900000,-892.8809,-195575500000,-195.5755,42343100000,42.3431
2024-06-18,6,889637200000,889.6372,168170100000,168.1701,-927927200000,-927.9272,-180319800000,-180.3198,50439700000,50.4397
2024-06-25,6,908927900000,908.9279,167546200000,167.5462,-950375300000,-950.3753,-181010600000,-181.0106,54911800000,54.9118
2024-07-02,6,927032900000,927.0329,165522800000,165.5228,-962757700000,-962.7577,-178209500000,-178.2095,48411500000,48.4115
2024-07-09,6,929471800000,929.4718,168693000000,168.693,-969396900000,-969.3969,-184135700000,-184.1357,55367800000,55.3678
2024-07-16,6,950968100000,950.9681,170472700000,170.4727,-1008479600000,-1008.4796,-175414900000,-175.4149,62453700000,62.4537
2024-07-23,6,954375700000,954.3757,165747500000,165.7475,-1011350400000,-1011.3504,-177196400000,-177.1964,68423600000,68.4236
2024-07-30,6,984087100000,984.0871,140857100000,140.8571,-1039545800000,-1039.5458,-166024600000,-166.0246,80626200000,80.6262
2024-08-06,6,1020365600000,1020.3656,150762500000,150.7625,-1066475400000,-1066.4754,-186904500000,-186.9045,82251800000,82.2518
2024-08-13,6,1044252700000,1044.2527,159312200000,159.3122,-1113597300000,-1113.5973,-179373900000,-179.3739,89406300000,89.4063
2024-08-20,6,1037900800000,1037.9008,169838700000,169.8387,-1133400000000,-1133.4,-159607100000,-159.6071,85267600000,85.2676
2024-08-27,6,976615500000,976.6155,165539500000,165.5395,-1052740500000,-1052.7405,-169476100000,-169.4761,80061600000,80.0616
2024-09-03,6,987615700000,987.6157,164986700000,164.9867,-1074749300000,-1074.7493,-161546000000,-161.546,83692900000,83.6929
2024-09-10,6,1023019400000,1023.0194,141065800000,141.0658,-1082515100000,-1082.5151,-156356200000,-156.3562,74786100000,74.7861
2024-09-17,6,1036929100000,1036.9291,139696500000,139.6965,-1102094000000,-1102.094,-151298800000,-151.2988,76767200000,76.7672
2024-09-24,6,1030132600000,1030.1326,144659200000,144.6592,-1105762400000,-1105.7624,-150860700000,-150.8607,81831300000,81.8313
2024-10-01,6,1046795900000,1046.7959,143790700000,143.7907,-1136875600000,-1136.8756,-136025300000,-136.0253,82314300000,82.3143
2024-10-08,6,1051111600000,1051.1116,150805300000,150.8053,-1130111400000,-1130.1114,-149326900000,-149.3269,77521400000,77.5214
2024-10-15,6,1049186000000,1049.186,171439200000,171.4392,-1138941200000,-1138.9412,-147782300000,-147.7823,66098300000,66.0983
2024-10-22,6,1060835700000,1060.8357,167156900000,167.1569,-1145380400000,-1145.3804,-149089500000,-149.0895,66477300000,66.4773
2024-10-29,6,1094028700000,1094.0287,165389200000,165.3892,-1177395200000,-1177.3952,-145026000000,-145.026,63003300000,63.0033
2024-11-05,6,1101408900000,1101.4089,168243000000,168.243,-1173739400000,-1173.7394,-153875100000,-153.8751,57962600000,57.9626
2024-11-12,6,1106656000000,1106.656,188336400000,188.3364,-1184365500000,-1184.3655,-160170400000,-160.1704,49543500000,49.5435
2024-11-19,6,1092226200000,1092.2262,159974000000,159.974,-1141821900000,-1141.8219,-160216300000,-160.2163,49838000000,49.838
2024-11-26,6,1032533100000,1032.5331,148457900000,148.4579,-1070181500000,-1070.1815,-161265900000,-161.2659,50456400000,50.4564
2024-12-03,6,1030451200000,1030.4512,127040100000,127.0401,-1064890800000,-1064.8908,-140839100000,-140.8391,48238600000,48.2386
2024-12-10,6,1030322500000,1030.3225,134739400000,134.7394,-1074481600000,-1074.4816,-139730000000,-139.73,49149700000,49.1497
2024-12-17,6,1038465700000,1038.4657,131609200000,131.6092,-1050697200000,-1050.6972,-169494400000,-169.4944,50116700000,50.1167
2024-12-24,6,1068170900000,1068.1709,130014500000,130.0145,-1036292200000,-1036.2922,-208030900000,-208.0309,46137700000,46.1377
2024-12-31,6,1062103200000,1062.1032,117669400000,117.6694,-1030969200000,-1030.9692,-197519000000,-197.519,48715600000,48.7156
2025-01-07,6,1044170300000,1044.1703,120040600000,120.0406,-998611900000,-998.6119,-214901200000,-214.9012,49302200000,49.3022
2025-01-14,6,1050645700000,1050.6457,109418600000,109.4186,-976634900000,-976.6349,-223877500000,-223.8775,40448100000,40.4481
2025-01-21,6,1030555400000,1030.5554,101472700000,101.4727,-956989300000,-956.9893,-218733000000,-218.733,43694200000,43.6942
2025-01-28,6,1061339800000,1061.3398,90425800000,90.4258,-981635900000,-981.6359,-220701800000,-220.7018,50572100000,50.5721
2025-02-04,6,1049166500000,1049.1665,119618100000,119.6181,-1012072100000,-1012.0721,-205591100000,-205.5911,48878600000,48.8786
2025-02-11,6,1041260200000,1041.2602,123910200000,123.9102,-1003002100000,-1003.0021,-204154600000,-204.1546,41986300000,41.9863
2025-02-18,6,1013106500000,1013.1065,119293000000,119.293,-951071500000,-951.0715,-222143200000,-222.1432,40815200000,40.8152
2025-02-25,6,982946900000,982.9469,98579900000,98.5799,-919742200000,-919.7422,-218663600000,-218.6636,56879000000,56.879
2025-03-04,6,1008710800000,1008.7108,84917800000,84.9178,-945595500000,-945.5955,-206960000000,-206.96,58926900000,58.9269
2025-03-11,6,1014486200000,1014.4862,78940700000,78.9407,-958757900000,-958.7579,-194991700000,-194.9917,60322700000,60.3227
2025-03-18,6,997946600000,997.9466,83995600000,83.9956,-971278100000,-971.2781,-175842800000,-175.8428,65178700000,65.1787
2025-03-25,6,986253400000,986.2534,71043200000,71.0432,-947578800000,-947.5788,-172698500000,-172.6985,62980700000,62.9807
2025-04-01,6,1025422800000,1025.4228,75210900000,75.2109,-990127200000,-990.1272,-175205100000,-175.2051,64698600000,64.6986
2025-04-08,6,1066665900000,1066.6659,84149800000,84.1498,-991676400000,-991.6764,-235626500000,-235.6265,76487200000,76.4872
2025-04-15,6,1109317200000,1109.3172,94158400000,94.1584,-1027112600000,-1027.1126,-246179700000,-246.1797,69816700000,69.8167
2025-04-22,6,1145340800000,1145.3408,81185400000,81.1854,-1053969600000,-1053.9696,-237833800000,-237.8338,65277200000,65.2772
2025-04-29,6,1142989100000,1142.9891,78501800000,78.5018,-1066461100000,-1066.4611,-229629700000,-229.6297,74599900000,74.5999
2025-05-06,6,1149303200000,1149.3032,85334100000,85.3341,-1092378900000,-1092.3789,-217233100000,-217.2331,74974700000,74.9747
2025-05-13,6,1122266300000,1122.2663,101644200000,101.6442,-1067951400000,-1067.9514,-210824800000,-210.8248,54865700000,54.8657
2025-05-20,6,1099511600000,1099.5116,106132300000,106.1323,-1061124100000,-1061.1241,-202544400000,-202.5444,58024600000,58.0246
2025-05-27,6,1031621600000,1031.6216,99235400000,99.2354,-1023764700000,-1023.7647,-207685500000,-207.6855,100593200000,100.5932
2025-06-03,6,1073434800000,1073.4348,91436600000,91.4366,-1028510000000,-1028.51,-186005600000,-186.0056,49644200000,49.6442
2025-06-10,6,1089576100000,1089.5761,100480400000,100.4804,-1047221400000,-1047.2214,-196707800000,-196.7078,53872700000,53.8727
2025-06-17,6,1125581300000,1125.5813,98195800000,98.1958,-1047783300000,-1047.7833,-215784900000,-215.7849,39791100000,39.7911
2025-06-24,6,1132469300000,1132.4693,102605200000,102.6052,-1076423700000,-1076.4237,-221912200000,-221.9122,63261400000,63.2614
2025-07-01,6,1221054400000,1221.0544,33029800000,33.0298,-1098258900000,-1098.2589,-217084300000,-217.0843,61259000000,61.259
2025-07-08,6,1220237200000,1220.2372,32052900000,32.0529,-1089640800000,-1089.6408,-220481500000,-220.4815,57832200000,57.8322
2025-07-15,6,1220878000000,1220.878,29389900000,29.3899,-1089609800000,-1089.6098,-210581400000,-210.5814,49923300000,49.9233
2025-07-22,6,1180023200000,1180.0232,27249600000,27.2496,-1064563600000,-1064.5636,-197983300000,-197.9833,55274100000,55.2741
2025-07-29,6,1200218400000,1200.2184,37341200000,37.3412,-1086890900000,-1086.8909,-210114300000,-210.1143,59445600000,59.4456
2025-08-05,6,1227720000000,1227.72,40171700000,40.1717,-1113124900000,-1113.1249,-218538100000,-218.5381,63771300000,63.7713
2025-08-12,6,1232814900000,1232.8149,54249900000,54.2499,-1135606600000,-1135.6066,-220924900000,-220.9249,69466700000,69.4667
2025-08-19,6,1249565100000,1249.5651,54499400000,54.4994,-1128082800000,-1128.0828,-239977800000,-239.9778,63996100000,63.9961
2025-08-26,6,1220461700000,1220.4617,53623400000,53.6234,-1115917600000,-1115.9176,-230326100000,-230.3261,72158600000,72.1586
2025-09-02,6,1240939300000,1240.9393,45208600000,45.2086,-1156096200000,-1156.0962,-192906500000,-192.9065,62854800000,62.8548
2025-09-09,6,1237596500000,1237.5965,40644200000,40.6442,-1154856800000,-1154.8568,-198198200000,-198.1982,74814300000,74.8143
2025-09-16,6,1229715600000,1229.7156,45692600000,45.6926,-1146214900000,-1146.2149,-203789500000,-203.7895,74596200000,74.5962
2025-09-23,6,1206108700000,1206.1087,39339900000,39.3399,-1116291200000,-1116.2912,-207131000000,-207.131,77973600000,77.9736
2025-09-30,6,1195766100000,1195.7661,33532300000,33.5323,-1078538900000,-1078.5389,-221089800000,-221.0898,70330300000,70.3303
2025-10-07,6,1197303100000,1197.3031,46021400000,46.0214,-1111295200000,-1111.2952,-205702300000,-205.7023,73673000000,73.673
2025-10-14,6,1204440100000,1204.4401,38458400000,38.4584,-1101417100000,-1101.4171,-214527900000,-214.5279,73046500000,73.0465
2025-10-21,6,1213556000000,1213.556,34592100000,34.5921,-1121352900000,-1121.3529,-208592000000,-208.592,81796800000,81.7968
2025-10-28,6,1211426500000,1211.4265,39462200000,39.4622,-1127990800000,-1127.9908,-205182400000,-205.1824,82284500000,82.2845
2025-11-04,6,1216345600000,1216.3456,46834200000,46.8342,-1135554700000,-1135.5547,-203726000000,-203.726,76100900000,76.1009
2025-11-10,6,1230440800000,1230.4408,45328000000,45.328,-1133551700000,-1133.5517,-211446900000,-211.4469,69229800000,69.2298
2025-11-18,6,1221866400000,1221.8664,52654800000,52.6548,-1131163300000,-1131.1633,-220868600000,-220.8686,77510700000,77.5107
2025-11-25,6,1202544900000,1202.5449,42168400000,42.1684,-1099020600000,-1099.0206,-214690600000,-214.6906,68997900000,68.9979
2025-12-02,6,1200804900000,1200.8049,46588300000,46.5883,-1124214700000,-1124.2147,-187252700000,-187.2527,64074200000,64.0742
2025-12-09,6,1206000300000,1206.0003,64988900000,64.9889,-1145476400000,-1145.4764,-185162900000,-185.1629,59650100000,59.6501
2025-12-16,6,1224080800000,1224.0808,67537800000,67.5378,-1152352300000,-1152.3523,-205291100000,-205.2911,66024800000,66.0248
2025-12-23,6,1233038600000,1233.0386,71495100000,71.4951,-1144596000000,-1144.596,-217904200000,-217.9042,57966500000,57.9665
2025-12-30,6,1253272800000,1253.2728,49596800000,49.5968,-1154268900000,-1154.2689,-216636800000,-216.6368,68036100000,68.0361
2026-01-06,6,1246349200000,1246.3492,62450700000,62.4507,-1155195700000,-1155.1957,-214992600000,-214.9926,61388400000,61.3884
2026-01-13,6,1238730600000,1238.7306,74421200000,74.4212,-1141358700000,-1141.3587,-223725900000,-223.7259,51932800000,51.9328
2026-01-20,6,1187060400000,1187.0604,96554100000,96.5541,-1112416400000,-1112.4164,-216420400000,-216.4204,45222300000,45.2223
2026-01-27,6,1201643200000,1201.6432,89509700000,89.5097,-1090700000000,-1090.7,-248594000000,-248.594,48141100000,48.1411
2026-02-03,6,1209472100000,1209.4721,93766300000,93.7663,-1086175700000,-1086.1757,-254041900000,-254.0419,36979200000,36.9792
2026-02-10,6,1245388900000,1245.3889,60242400000,60.2424,-1073520400000,-1073.5204,-277467300000,-277.4673,45356400000,45.3564
2026-02-17,6,1265623500000,1265.6235,46914300000,46.9143,-1083692900000,-1083.6929,-274069700000,-274.0697,45224800000,45.2248
2026-02-24,6,1176022000000,1176.022,58553600000,58.5536,-1049291600000,-1049.2916,-231764800000,-231.7648,46480800000,46.4808
2026-03-03,6,1169207300000,1169.2073,60027700000,60.0277,-1043871300000,-1043.8713,-231069400000,-231.0694,45705700000,45.7057
2026-03-10,6,1158448200000,1158.4482,80954900000,80.9549,-1025522900000,-1025.5229,-257326000000,-257.326,43445800000,43.4458
2026-03-17,6,1182634100000,1182.6341,90167800000,90.1678,-1045601000000,-1045.601,-263839000000,-263.839,36638100000,36.6381
2026-03-24,6,1238204000000,1238.204,82760700000,82.7607,-1050247500000,-1050.2475,-297336600000,-297.3366,26619400000,26.6194
2026-03-31,6,1231018600000,1231.0186,62854600000,62.8546,-1020184200000,-1020.1842,-297061200000,-297.0612,23372200000,23.3722
2026-04-07,6,1225572600000,1225.5726,62417300000,62.4173,-1008777200000,-1008.7772,-301629500000,-301.6295,22416800000,22.4168
2026-04-14,6,1209726500000,1209.7265,61602200000,61.6022,-1001568700000,-1001.5687,-295847700000,-295.8477,26087700000,26.0877
2026-04-21,6,1183641200000,1183.6412,61979300000,61.9793,-999285900000,-999.2859,-275464000000,-275.464,29129400000,29.1294
2026-04-28,6,1175139700000,1175.1397,69452300000,69.4523,-1006908200000,-1006.9082,-269932300000,-269.9323,32248500000,32.2485
2026-05-05,6,1152142900000,1152.1429,63536800000,63.5368,-996357600000,-996.3576,-243679700000,-243.6797,24357600000,24.3576
2026-05-12,6,1124992600000,1124.9926,62141400000,62.1414,-962168500000,-962.1685,-246439800000,-246.4398,21474300000,21.4743
2026-05-19,6,1159800200000,1159.8002,37452200000,37.4522,-950504400000,-950.5044,-255908400000,-255.9084,9160400000,9.1604
2026-05-26,6,1089373300000,1089.3733,32817000000,32.817,-905393200000,-905.3932,-258557500000,-258.5575,41760400000,41.7604
2026-06-02,6,1139641100000,1139.6411,32731400000,32.7314,-932149300000,-932.1493,-249622600000,-249.6226,9399400000,9.3994
2026-06-09,6,1131467900000,1131.4679,36611100000,36.6111,-904897200000,-904.8972,-274318900000,-274.3189,11137100000,11.1371
2026-06-16,6,1134345900000,1134.3459,40734900000,40.7349,-918955200000,-918.9552,-276392100000,-276.3921,20266500000,20.2665
2026-06-23,6,1171687200000,1171.6872,40570900000,40.5709,-920467600000,-920.4676,-312531100000,-312.5311,20740600000,20.7406
2026-06-30,6,1156162400000,1156.1624,31835300000,31.8353,-917699700000,-917.6997,-296850100000,-296.8501,26552100000,26.5521
2026-07-07,6,1154098500000,1154.0985,38229100000,38.2291,-932957200000,-932.9572,-287741600000,-287.7416,28371200000,28.3712
2026-07-14,6,1151078600000,1151.0786,43523500000,43.5235,-923464000000,-923.464,-296408600000,-296.4086,25270500000,25.2705
2026-07-21,6,1141571500000,1141.5715,42571000000,42.571,-905764400000,-905.7644,-295093600000,-295.0936,16715500000,16.7155
2026-07-28,6,1160819900000,1160.8199,34442600000,34.4426,-904533500000,-904.5335,-303569400000,-303.5694,12840400000,12.8404
2026-08-04,6,1126956000000,1126.956,32589200000,32.5892,-875724800000,-875.7248,-293833200000,-293.8332,10012800000,10.0128
2026-08-11,6,1110108900000,1110.1089,36665900000,36.6659,-861044800000,-861.0448,-296152900000,-296.1529,10422900000,10.4229
2026-08-18,6,1110899800000,1110.8998,32003000000,32.003,-846105200000,-846.1052,-305124400000,-305.1244,8326800000,8.3268
2026-08-25,6,1103506700000,1103.5067,24644500000,24.6445,-823579400000,-823.5794,-320840700000,-320.8407,16268900000,16.2689
2026-09-01,6,1100862000000,1100.862,17261200000,17.2612,-840614900000,-840.6149,-300780400000,-300.7804,23272100000,23.2721
2026-09-08,6,1092935100000,1092.9351,19619800000,19.6198,-815359700000,-815.3597,-309831000000,-309.831,12635800000,12.6358
2026-09-15,6,1099969900000,1099.9699,7399200000,7.3992,-786861100000,-786.8611,-332469500000,-332.4695,11961500000,11.9615
2026-09-22,6,1086095400000,1086.0954,13751600000,13.7516,-786856200000,-786.8562,-327411800000,-327.4118,14421000000,14.421
2026-09-29,6,1087156500000,1087.1565,13751300000,13.7513,-774291500000,-774.2915,-348749100000,-348.7491,22132800000,22.1328
